name,family,val,test,fit_s,dataset,seed,n,d,n_classes
logreg_C0.01_std,linear,0.9639596200012309,0.9753104470797069,0.074,agaricus_lepiota,0,5000,22,2
logreg_C0.01_quant,linear,0.9540980158811581,0.9663965565448478,0.228,agaricus_lepiota,0,5000,22,2
logreg_C0.1_std,linear,0.9745701417813981,0.9836728307181646,0.067,agaricus_lepiota,0,5000,22,2
logreg_C0.1_quant,linear,0.9603278823070768,0.9714806805851616,0.284,agaricus_lepiota,0,5000,22,2
logreg_C1_std,linear,0.9836443564437696,0.9917094405154921,0.057,agaricus_lepiota,0,5000,22,2
logreg_C1_quant,linear,0.965578000287256,0.9749025884912055,0.218,agaricus_lepiota,0,5000,22,2
logreg_C10_std,linear,0.9874658883394546,0.9946875777560595,0.049,agaricus_lepiota,0,5000,22,2
logreg_C10_quant,linear,0.9662268912735704,0.9757696086353154,0.167,agaricus_lepiota,0,5000,22,2
logreg_C100_std,linear,0.9878711246075876,0.9949569183333719,0.068,agaricus_lepiota,0,5000,22,2
logreg_C100_quant,linear,0.9661935490489771,0.9761595111853294,0.178,agaricus_lepiota,0,5000,22,2
rf_dNone_fsqrt,rf,1.0,1.0000000000000002,1.216,agaricus_lepiota,0,5000,22,2
rf_dNone_f0.3,rf,1.0,1.0000000000000002,0.95,agaricus_lepiota,0,5000,22,2
rf_dNone_f0.7,rf,1.0,1.0,1.102,agaricus_lepiota,0,5000,22,2
rf_d4_fsqrt,rf,0.9987355602519646,0.9990201133282544,1.005,agaricus_lepiota,0,5000,22,2
rf_d4_f0.3,rf,0.9986098857131133,0.9989893315479901,0.921,agaricus_lepiota,0,5000,22,2
rf_d4_f0.7,rf,0.99883045735273,0.9991817176746417,1.127,agaricus_lepiota,0,5000,22,2
rf_d8_fsqrt,rf,1.0,1.0,0.922,agaricus_lepiota,0,5000,22,2
rf_d8_f0.3,rf,1.0,1.0,0.989,agaricus_lepiota,0,5000,22,2
rf_d8_f0.7,rf,1.0,1.0,1.288,agaricus_lepiota,0,5000,22,2
rf_d16_fsqrt,rf,1.0,1.0,0.955,agaricus_lepiota,0,5000,22,2
rf_d16_f0.3,rf,1.0,1.0000000000000002,0.992,agaricus_lepiota,0,5000,22,2
rf_d16_f0.7,rf,1.0,1.0,1.258,agaricus_lepiota,0,5000,22,2
et_dNone_fsqrt,et,1.0,1.0,0.8,agaricus_lepiota,0,5000,22,2
et_dNone_f0.5,et,1.0,1.0,0.934,agaricus_lepiota,0,5000,22,2
et_d8_fsqrt,et,1.0,0.9999999999999999,0.758,agaricus_lepiota,0,5000,22,2
et_d8_f0.5,et,1.0,1.0,0.918,agaricus_lepiota,0,5000,22,2
hgb_lr0.03_ln15_l20.0,gbdt,0.9999999999999999,1.0,0.796,agaricus_lepiota,0,5000,22,2
hgb_lr0.03_ln15_l21.0,gbdt,1.0,1.0,0.892,agaricus_lepiota,0,5000,22,2
hgb_lr0.03_ln31_l20.0,gbdt,1.0,1.0,0.958,agaricus_lepiota,0,5000,22,2
hgb_lr0.03_ln31_l21.0,gbdt,1.0,1.0,0.724,agaricus_lepiota,0,5000,22,2
hgb_lr0.03_ln63_l20.0,gbdt,1.0,1.0,1.459,agaricus_lepiota,0,5000,22,2
hgb_lr0.03_ln63_l21.0,gbdt,1.0,1.0,0.711,agaricus_lepiota,0,5000,22,2
hgb_lr0.1_ln15_l20.0,gbdt,1.0,1.0,0.632,agaricus_lepiota,0,5000,22,2
hgb_lr0.1_ln15_l21.0,gbdt,1.0,0.9999999999999999,0.847,agaricus_lepiota,0,5000,22,2
hgb_lr0.1_ln31_l20.0,gbdt,1.0,1.0,0.854,agaricus_lepiota,0,5000,22,2
hgb_lr0.1_ln31_l21.0,gbdt,0.9999999999999999,1.0,0.647,agaricus_lepiota,0,5000,22,2
hgb_lr0.1_ln63_l20.0,gbdt,1.0,1.0,1.247,agaricus_lepiota,0,5000,22,2
hgb_lr0.1_ln63_l21.0,gbdt,0.9999999999999999,1.0,0.725,agaricus_lepiota,0,5000,22,2
hgb_lr0.3_ln15_l20.0,gbdt,1.0,1.0,0.383,agaricus_lepiota,0,5000,22,2
hgb_lr0.3_ln15_l21.0,gbdt,1.0,1.0,0.667,agaricus_lepiota,0,5000,22,2
hgb_lr0.3_ln31_l20.0,gbdt,1.0,0.9999999999999999,0.38,agaricus_lepiota,0,5000,22,2
hgb_lr0.3_ln31_l21.0,gbdt,0.9999999999999999,1.0,0.732,agaricus_lepiota,0,5000,22,2
hgb_lr0.3_ln63_l20.0,gbdt,1.0,1.0,0.458,agaricus_lepiota,0,5000,22,2
hgb_lr0.3_ln63_l21.0,gbdt,0.9999999999999999,1.0,0.757,agaricus_lepiota,0,5000,22,2
knn1_std,knn,1.0,1.0,0.101,agaricus_lepiota,0,5000,22,2
knn1_quant,knn,0.9992331288343559,1.0,0.176,agaricus_lepiota,0,5000,22,2
knn5_std,knn,0.9999923056404785,0.9999974348516446,0.084,agaricus_lepiota,0,5000,22,2
knn5_quant,knn,0.9999640929888997,0.9999820439615125,0.193,agaricus_lepiota,0,5000,22,2
knn15_std,knn,0.9998217473377516,0.9998114615958814,0.134,agaricus_lepiota,0,5000,22,2
knn15_quant,knn,0.9999576810226317,0.9999397190136492,0.216,agaricus_lepiota,0,5000,22,2
knn31_std,knn,0.9993754744855038,0.999462601419553,0.15,agaricus_lepiota,0,5000,22,2
knn31_quant,knn,0.9997563452818188,0.9997152685325555,0.25,agaricus_lepiota,0,5000,22,2
svc_C0.1,svm,0.9984380450171328,0.9989713755095025,1.243,agaricus_lepiota,0,5000,22,2
svc_C1,svm,1.0,1.0,0.625,agaricus_lepiota,0,5000,22,2
svc_C10,svm,1.0,1.0,0.644,agaricus_lepiota,0,5000,22,2
"mlp_(64,)_a0.0001",mlp,1.0,1.0,2.019,agaricus_lepiota,0,5000,22,2
"mlp_(64,)_a0.01",mlp,1.0,1.0,1.723,agaricus_lepiota,0,5000,22,2
"mlp_(128, 64)_a0.0001",mlp,1.0,1.0,1.988,agaricus_lepiota,0,5000,22,2
"mlp_(128, 64)_a0.01",mlp,1.0,1.0,1.708,agaricus_lepiota,0,5000,22,2
gaussiannb,nb,0.9519641135071917,0.9619229378131084,0.037,agaricus_lepiota,0,5000,22,2
dt_d3,tree,0.9815848328785111,0.9853748066519428,0.022,agaricus_lepiota,0,5000,22,2
dt_d6,tree,0.9988432812852659,0.9990008747155892,0.015,agaricus_lepiota,0,5000,22,2
dt_dNone,tree,0.9983277591973244,1.0,0.014,agaricus_lepiota,0,5000,22,2
logreg_C0.01_std,linear,0.9692002636972509,0.9728337813160434,0.039,agaricus_lepiota,1,5000,22,2
logreg_C0.01_quant,linear,0.9685923235370317,0.968755770769641,0.133,agaricus_lepiota,1,5000,22,2
logreg_C0.1_std,linear,0.9773805218024785,0.9800254426821512,0.04,agaricus_lepiota,1,5000,22,2
logreg_C0.1_quant,linear,0.9684153283005124,0.9724208506883888,0.125,agaricus_lepiota,1,5000,22,2
logreg_C1_std,linear,0.9868407889370282,0.9884328128526582,0.076,agaricus_lepiota,1,5000,22,2
logreg_C1_quant,linear,0.9726555185319143,0.9761962164269447,0.216,agaricus_lepiota,1,5000,22,2
logreg_C10_std,linear,0.9895931931223242,0.9916387959866221,0.044,agaricus_lepiota,1,5000,22,2
logreg_C10_quant,linear,0.9758439979376206,0.9776658390955537,0.151,agaricus_lepiota,1,5000,22,2
logreg_C100_std,linear,0.9896316703476545,0.9916849621437511,0.027,agaricus_lepiota,1,5000,22,2
logreg_C100_quant,linear,0.9764211563175755,0.9777376531177545,0.157,agaricus_lepiota,1,5000,22,2
rf_dNone_fsqrt,rf,1.0,1.0,0.959,agaricus_lepiota,1,5000,22,2
rf_dNone_f0.3,rf,1.0,1.0,1.005,agaricus_lepiota,1,5000,22,2
rf_dNone_f0.7,rf,1.0,1.0,1.146,agaricus_lepiota,1,5000,22,2
rf_d4_fsqrt,rf,0.9986840788937028,0.9993818864517718,0.867,agaricus_lepiota,1,5000,22,2
rf_d4_f0.3,rf,0.9988969862071972,0.9994229230358865,0.906,agaricus_lepiota,1,5000,22,2
rf_d4_f0.7,rf,0.9988405529433795,0.9992946837105279,1.062,agaricus_lepiota,1,5000,22,2
rf_d8_fsqrt,rf,1.0,1.0,0.925,agaricus_lepiota,1,5000,22,2
rf_d8_f0.3,rf,1.0,1.0,1.015,agaricus_lepiota,1,5000,22,2
rf_d8_f0.7,rf,1.0,1.0,1.305,agaricus_lepiota,1,5000,22,2
rf_d16_fsqrt,rf,1.0,1.0,0.922,agaricus_lepiota,1,5000,22,2
rf_d16_f0.3,rf,1.0,1.0,1.045,agaricus_lepiota,1,5000,22,2
rf_d16_f0.7,rf,1.0,1.0,1.244,agaricus_lepiota,1,5000,22,2
et_dNone_fsqrt,et,1.0,1.0,0.754,agaricus_lepiota,1,5000,22,2
et_dNone_f0.5,et,1.0,1.0,0.925,agaricus_lepiota,1,5000,22,2
et_d8_fsqrt,et,1.0,1.0,0.74,agaricus_lepiota,1,5000,22,2
et_d8_f0.5,et,1.0,1.0,0.921,agaricus_lepiota,1,5000,22,2
hgb_lr0.03_ln15_l20.0,gbdt,1.0,1.0,0.863,agaricus_lepiota,1,5000,22,2
hgb_lr0.03_ln15_l21.0,gbdt,1.0,1.0,0.687,agaricus_lepiota,1,5000,22,2
hgb_lr0.03_ln31_l20.0,gbdt,1.0,1.0,1.232,agaricus_lepiota,1,5000,22,2
hgb_lr0.03_ln31_l21.0,gbdt,1.0,1.0,0.636,agaricus_lepiota,1,5000,22,2
hgb_lr0.03_ln63_l20.0,gbdt,1.0,1.0,1.415,agaricus_lepiota,1,5000,22,2
hgb_lr0.03_ln63_l21.0,gbdt,1.0,1.0,0.699,agaricus_lepiota,1,5000,22,2
hgb_lr0.1_ln15_l20.0,gbdt,1.0,1.0,0.54,agaricus_lepiota,1,5000,22,2
hgb_lr0.1_ln15_l21.0,gbdt,1.0,1.0,0.773,agaricus_lepiota,1,5000,22,2
hgb_lr0.1_ln31_l20.0,gbdt,1.0,1.0,0.77,agaricus_lepiota,1,5000,22,2
hgb_lr0.1_ln31_l21.0,gbdt,1.0,1.0,0.822,agaricus_lepiota,1,5000,22,2
hgb_lr0.1_ln63_l20.0,gbdt,1.0,1.0,0.762,agaricus_lepiota,1,5000,22,2
hgb_lr0.1_ln63_l21.0,gbdt,1.0,1.0,0.808,agaricus_lepiota,1,5000,22,2
hgb_lr0.3_ln15_l20.0,gbdt,1.0,1.0,0.222,agaricus_lepiota,1,5000,22,2
hgb_lr0.3_ln15_l21.0,gbdt,1.0,1.0,0.634,agaricus_lepiota,1,5000,22,2
hgb_lr0.3_ln31_l20.0,gbdt,1.0,1.0,0.43,agaricus_lepiota,1,5000,22,2
hgb_lr0.3_ln31_l21.0,gbdt,1.0,1.0,0.601,agaricus_lepiota,1,5000,22,2
hgb_lr0.3_ln63_l20.0,gbdt,1.0,1.0,0.473,agaricus_lepiota,1,5000,22,2
hgb_lr0.3_ln63_l21.0,gbdt,1.0,1.0,0.842,agaricus_lepiota,1,5000,22,2
knn1_std,knn,1.0,1.0,0.052,agaricus_lepiota,1,5000,22,2
knn1_quant,knn,1.0,0.9991638795986622,0.167,agaricus_lepiota,1,5000,22,2
knn5_std,knn,1.0,1.0,0.084,agaricus_lepiota,1,5000,22,2
knn5_quant,knn,1.0,1.0,0.195,agaricus_lepiota,1,5000,22,2
knn15_std,knn,0.999924328123517,0.9998114881917229,0.124,agaricus_lepiota,1,5000,22,2
knn15_quant,knn,0.9999884568324009,0.9999897408539713,0.236,agaricus_lepiota,1,5000,22,2
knn31_std,knn,0.9994561885486648,0.9993857336315326,0.154,agaricus_lepiota,1,5000,22,2
knn31_quant,knn,0.999638314081895,0.9998025114389478,0.307,agaricus_lepiota,1,5000,22,2
svc_C0.1,svm,0.9991458055976667,0.9992228696883271,1.245,agaricus_lepiota,1,5000,22,2
svc_C1,svm,1.0,1.0,0.542,agaricus_lepiota,1,5000,22,2
svc_C10,svm,1.0,1.0,0.5,agaricus_lepiota,1,5000,22,2
"mlp_(64,)_a0.0001",mlp,1.0,1.0,2.145,agaricus_lepiota,1,5000,22,2
"mlp_(64,)_a0.01",mlp,1.0,1.0,1.839,agaricus_lepiota,1,5000,22,2
"mlp_(128, 64)_a0.0001",mlp,1.0,1.0,1.684,agaricus_lepiota,1,5000,22,2
"mlp_(128, 64)_a0.01",mlp,1.0,1.0,1.804,agaricus_lepiota,1,5000,22,2
gaussiannb,nb,0.9515494778640523,0.9536722613209675,0.033,agaricus_lepiota,1,5000,22,2
dt_d3,tree,0.9793556860361019,0.9820131522252088,0.026,agaricus_lepiota,1,5000,22,2
dt_d6,tree,0.9997486154611752,0.9998691958881343,0.026,agaricus_lepiota,1,5000,22,2
dt_dNone,tree,0.998468606431853,0.9992331288343559,0.028,agaricus_lepiota,1,5000,22,2
logreg_C0.01_std,linear,0.965636990376921,0.9636646735463946,0.04,agaricus_lepiota,2,5000,22,2
logreg_C0.01_quant,linear,0.962159139873197,0.9551252946714173,0.166,agaricus_lepiota,2,5000,22,2
logreg_C0.1_std,linear,0.9761628742023514,0.9747922871119251,0.053,agaricus_lepiota,2,5000,22,2
logreg_C0.1_quant,linear,0.9701407554835136,0.9591371866991928,0.253,agaricus_lepiota,2,5000,22,2
logreg_C1_std,linear,0.9831237047828139,0.982441559507594,0.026,agaricus_lepiota,2,5000,22,2
logreg_C1_quant,linear,0.9748881753082873,0.9625898763855008,0.177,agaricus_lepiota,2,5000,22,2
logreg_C10_std,linear,0.9898152327800234,0.9885594383351161,0.056,agaricus_lepiota,2,5000,22,2
logreg_C10_quant,linear,0.976965652379096,0.9595912179580908,0.239,agaricus_lepiota,2,5000,22,2
logreg_C100_std,linear,0.9907282967765764,0.9893520691769209,0.027,agaricus_lepiota,2,5000,22,2
logreg_C100_quant,linear,0.9774760448940231,0.9600452492169884,0.183,agaricus_lepiota,2,5000,22,2
rf_dNone_fsqrt,rf,1.0,1.0,0.835,agaricus_lepiota,2,5000,22,2
rf_dNone_f0.3,rf,1.0,1.0,0.882,agaricus_lepiota,2,5000,22,2
rf_dNone_f0.7,rf,1.0,1.0,1.57,agaricus_lepiota,2,5000,22,2
rf_d4_fsqrt,rf,0.9990971951494758,0.9988020757180491,0.983,agaricus_lepiota,2,5000,22,2
rf_d4_f0.3,rf,0.9991382317335905,0.9988636392785777,1.016,agaricus_lepiota,2,5000,22,2
rf_d4_f0.7,rf,0.9993562385867001,0.999089372333849,1.087,agaricus_lepiota,2,5000,22,2
rf_d8_fsqrt,rf,1.0,1.0,0.986,agaricus_lepiota,2,5000,22,2
rf_d8_f0.3,rf,1.0,1.0,0.988,agaricus_lepiota,2,5000,22,2
rf_d8_f0.7,rf,1.0,1.0,1.26,agaricus_lepiota,2,5000,22,2
rf_d16_fsqrt,rf,1.0,1.0,0.925,agaricus_lepiota,2,5000,22,2
rf_d16_f0.3,rf,1.0,1.0,0.97,agaricus_lepiota,2,5000,22,2
rf_d16_f0.7,rf,1.0,1.0,1.314,agaricus_lepiota,2,5000,22,2
et_dNone_fsqrt,et,1.0,1.0,0.781,agaricus_lepiota,2,5000,22,2
et_dNone_f0.5,et,1.0,1.0,1.073,agaricus_lepiota,2,5000,22,2
et_d8_fsqrt,et,1.0,1.0,0.921,agaricus_lepiota,2,5000,22,2
et_d8_f0.5,et,1.0,1.0,0.949,agaricus_lepiota,2,5000,22,2
hgb_lr0.03_ln15_l20.0,gbdt,1.0,1.0,0.901,agaricus_lepiota,2,5000,22,2
hgb_lr0.03_ln15_l21.0,gbdt,0.9999923056404785,1.0,0.811,agaricus_lepiota,2,5000,22,2
hgb_lr0.03_ln31_l20.0,gbdt,1.0,1.0,0.943,agaricus_lepiota,2,5000,22,2
hgb_lr0.03_ln31_l21.0,gbdt,0.9999923056404785,1.0,0.813,agaricus_lepiota,2,5000,22,2
hgb_lr0.03_ln63_l20.0,gbdt,1.0,1.0,1.226,agaricus_lepiota,2,5000,22,2
hgb_lr0.03_ln63_l21.0,gbdt,0.9999923056404785,1.0,0.859,agaricus_lepiota,2,5000,22,2
hgb_lr0.1_ln15_l20.0,gbdt,1.0,0.9999999999999999,0.296,agaricus_lepiota,2,5000,22,2
hgb_lr0.1_ln15_l21.0,gbdt,0.9999923056404785,1.0,0.243,agaricus_lepiota,2,5000,22,2
hgb_lr0.1_ln31_l20.0,gbdt,1.0,1.0,0.593,agaricus_lepiota,2,5000,22,2
hgb_lr0.1_ln31_l21.0,gbdt,0.9999923056404785,1.0,0.286,agaricus_lepiota,2,5000,22,2
hgb_lr0.1_ln63_l20.0,gbdt,1.0,1.0,0.448,agaricus_lepiota,2,5000,22,2
hgb_lr0.1_ln63_l21.0,gbdt,0.9999923056404785,1.0,0.383,agaricus_lepiota,2,5000,22,2
hgb_lr0.3_ln15_l20.0,gbdt,1.0,1.0,0.228,agaricus_lepiota,2,5000,22,2
hgb_lr0.3_ln15_l21.0,gbdt,1.0,1.0,0.237,agaricus_lepiota,2,5000,22,2
hgb_lr0.3_ln31_l20.0,gbdt,1.0,1.0,0.222,agaricus_lepiota,2,5000,22,2
hgb_lr0.3_ln31_l21.0,gbdt,1.0,1.0,0.297,agaricus_lepiota,2,5000,22,2
hgb_lr0.3_ln63_l20.0,gbdt,1.0,0.9999999999999999,0.322,agaricus_lepiota,2,5000,22,2
hgb_lr0.3_ln63_l21.0,gbdt,1.0,1.0,0.277,agaricus_lepiota,2,5000,22,2
knn1_std,knn,1.0,0.9991624790619765,0.086,agaricus_lepiota,2,5000,22,2
knn1_quant,knn,0.9969325153374233,0.9992343032159264,0.238,agaricus_lepiota,2,5000,22,2
knn5_std,knn,0.9998756078544022,0.999144523023489,0.119,agaricus_lepiota,2,5000,22,2
knn5_quant,knn,0.9984303506576112,0.9999910219807562,0.214,agaricus_lepiota,2,5000,22,2
knn15_std,knn,0.999402404743829,0.9989200725423955,0.122,agaricus_lepiota,2,5000,22,2
knn15_quant,knn,0.999774298787369,0.9999486970328929,0.226,agaricus_lepiota,2,5000,22,2
knn31_std,knn,0.9986009089603382,0.9991496533201998,0.153,agaricus_lepiota,2,5000,22,2
knn31_quant,knn,0.9994318997886618,0.9997422025902868,0.299,agaricus_lepiota,2,5000,22,2
svc_C0.1,svm,0.9981584832878512,0.9985686472177119,1.173,agaricus_lepiota,2,5000,22,2
svc_C1,svm,0.9999333155508134,0.9999846091098679,0.804,agaricus_lepiota,2,5000,22,2
svc_C10,svm,1.0,1.0,0.566,agaricus_lepiota,2,5000,22,2
"mlp_(64,)_a0.0001",mlp,1.0,1.0,2.09,agaricus_lepiota,2,5000,22,2
"mlp_(64,)_a0.01",mlp,1.0,1.0,2.032,agaricus_lepiota,2,5000,22,2
"mlp_(128, 64)_a0.0001",mlp,1.0,1.0,2.237,agaricus_lepiota,2,5000,22,2
"mlp_(128, 64)_a0.01",mlp,1.0,1.0,2.055,agaricus_lepiota,2,5000,22,2
gaussiannb,nb,0.9517743193056609,0.9357943366654611,0.034,agaricus_lepiota,2,5000,22,2
dt_d3,tree,0.9844920183843897,0.975520789244846,0.014,agaricus_lepiota,2,5000,22,2
dt_d6,tree,0.9992844245644992,0.9993766689496487,0.014,agaricus_lepiota,2,5000,22,2
dt_dNone,tree,0.9984662576687117,0.998468606431853,0.013,agaricus_lepiota,2,5000,22,2
logreg_C0.01_std,linear,0.9833358444134744,0.984016974901754,0.018,chess,0,3196,36,2
logreg_C0.01_quant,linear,0.9889010257762376,0.9904076738609113,0.235,chess,0,3196,36,2
logreg_C0.1_std,linear,0.988904164626414,0.9892149107938779,0.017,chess,0,3196,36,2
logreg_C0.1_quant,linear,0.9904704508644393,0.9924730372769847,0.202,chess,0,3196,36,2
logreg_C1_std,linear,0.9901659823973282,0.991719713234648,0.024,chess,0,3196,36,2
logreg_C1_quant,linear,0.9917636571371176,0.994023629264128,0.176,chess,0,3196,36,2
logreg_C10_std,linear,0.9917730736876468,0.9938227428528381,0.059,chess,0,3196,36,2
logreg_C10_quant,linear,0.9925985912840407,0.9947643979057592,0.195,chess,0,3196,36,2
logreg_C100_std,linear,0.9926142855349229,0.9946953432018784,0.029,chess,0,3196,36,2
logreg_C100_quant,linear,0.9930945296119126,0.9949527289163433,0.165,chess,0,3196,36,2
rf_dNone_fsqrt,rf,0.9980005524376311,0.9981826057478624,1.18,chess,0,3196,36,2
rf_dNone_f0.3,rf,0.9985906562707949,0.9988386254347308,0.866,chess,0,3196,36,2
rf_dNone_f0.7,rf,0.997953469684985,0.9994695343201878,1.008,chess,0,3196,36,2
rf_d4_fsqrt,rf,0.9898897635818047,0.991261441108893,0.786,chess,0,3196,36,2
rf_d4_f0.3,rf,0.9932043893680866,0.9933770261277889,0.86,chess,0,3196,36,2
rf_d4_f0.7,rf,0.9912269137569526,0.9908753625371953,1.163,chess,0,3196,36,2
rf_d8_fsqrt,rf,0.9960795761296721,0.995649553655505,0.895,chess,0,3196,36,2
rf_d8_f0.3,rf,0.9964813489522517,0.9963589337953721,0.919,chess,0,3196,36,2
rf_d8_f0.7,rf,0.9986722663753813,0.9986189059223824,1.055,chess,0,3196,36,2
rf_d16_fsqrt,rf,0.998264215852449,0.9985498512185017,1.109,chess,0,3196,36,2
rf_d16_f0.3,rf,0.9986659886750285,0.9988229311838488,1.082,chess,0,3196,36,2
rf_d16_f0.7,rf,0.997953469684985,0.9994695343201878,1.212,chess,0,3196,36,2
et_dNone_fsqrt,et,0.9980131078383366,0.9987099325774982,0.951,chess,0,3196,36,2
et_dNone_f0.5,et,0.9980256632390423,0.9995166170728339,0.973,chess,0,3196,36,2
et_d8_fsqrt,et,0.9962992956420205,0.9958755508682059,0.681,chess,0,3196,36,2
et_d8_f0.5,et,0.9979566085351613,0.9979314977337502,0.993,chess,0,3196,36,2
hgb_lr0.03_ln15_l20.0,gbdt,0.9987978203824375,0.9983740756086231,0.809,chess,0,3196,36,2
hgb_lr0.03_ln15_l21.0,gbdt,0.9983834921591523,0.9979503308348086,0.798,chess,0,3196,36,2
hgb_lr0.03_ln31_l20.0,gbdt,0.9988229311838488,0.9981229675945107,1.266,chess,0,3196,36,2
hgb_lr0.03_ln31_l21.0,gbdt,0.9984964907655027,0.9978593041796928,0.957,chess,0,3196,36,2
hgb_lr0.03_ln63_l20.0,gbdt,0.9988857081873768,0.9981920222983918,1.359,chess,0,3196,36,2
hgb_lr0.03_ln63_l21.0,gbdt,0.9984964907655027,0.9978593041796928,1.024,chess,0,3196,36,2
hgb_lr0.1_ln15_l20.0,gbdt,0.9988668750863184,0.9990803168983138,0.887,chess,0,3196,36,2
hgb_lr0.1_ln15_l21.0,gbdt,0.9983018820545658,0.9985718231697365,0.855,chess,0,3196,36,2
hgb_lr0.1_ln31_l20.0,gbdt,0.9988919858877295,0.9991493716021946,1.258,chess,0,3196,36,2
hgb_lr0.1_ln31_l21.0,gbdt,0.9988731527866712,0.9987664318806735,1.2,chess,0,3196,36,2
hgb_lr0.1_ln63_l20.0,gbdt,0.9989045412884352,0.9989045412884352,1.628,chess,0,3196,36,2
hgb_lr0.1_ln63_l21.0,gbdt,0.998747598779615,0.9986973771767926,0.976,chess,0,3196,36,2
hgb_lr0.3_ln15_l20.0,gbdt,0.9987350433789095,0.9993063141110149,0.7,chess,0,3196,36,2
hgb_lr0.3_ln15_l21.0,gbdt,0.9984462691626803,0.9989045412884353,0.403,chess,0,3196,36,2
hgb_lr0.3_ln31_l20.0,gbdt,0.9987538764799678,0.9990489283965498,0.477,chess,0,3196,36,2
hgb_lr0.3_ln31_l21.0,gbdt,0.9989233743894936,0.9991682047032531,0.714,chess,0,3196,36,2
hgb_lr0.3_ln63_l20.0,gbdt,0.9988543196856127,0.9992498148078396,0.922,chess,0,3196,36,2
hgb_lr0.3_ln63_l21.0,gbdt,0.9988982635880823,0.9990552060969027,0.568,chess,0,3196,36,2
knn1_std,knn,0.8864834833703719,0.8955359272791191,0.062,chess,0,3196,36,2
knn1_quant,knn,0.8820074830188206,0.8879022436501061,0.198,chess,0,3196,36,2
knn5_std,knn,0.9623934360365112,0.9700396750662298,0.058,chess,0,3196,36,2
knn5_quant,knn,0.9699580649616433,0.9764617625271512,0.194,chess,0,3196,36,2
knn15_std,knn,0.9704696975403969,0.9697854282019409,0.1,chess,0,3196,36,2
knn15_quant,knn,0.9777549687998294,0.9793526435396185,0.206,chess,0,3196,36,2
knn31_std,knn,0.9664299973633659,0.9697163734980602,0.086,chess,0,3196,36,2
knn31_quant,knn,0.965808505028438,0.9778114681030046,0.22,chess,0,3196,36,2
svc_C0.1,svm,0.9743932602609012,0.9803696309967733,1.534,chess,0,3196,36,2
svc_C1,svm,0.9953293909375118,0.9949464512159906,0.954,chess,0,3196,36,2
svc_C10,svm,0.9979158034828682,0.9988825693372003,0.818,chess,0,3196,36,2
"mlp_(64,)_a0.0001",mlp,0.9943186811807099,0.9976333069669918,1.977,chess,0,3196,36,2
"mlp_(64,)_a0.01",mlp,0.9943689027835324,0.9977023616708727,1.812,chess,0,3196,36,2
"mlp_(128, 64)_a0.0001",mlp,0.9954675003452735,0.9987193491280275,1.927,chess,0,3196,36,2
"mlp_(128, 64)_a0.01",mlp,0.9954361118435096,0.998700516026969,1.509,chess,0,3196,36,2
gaussiannb,nb,0.9189674438459702,0.9320784210328072,0.024,chess,0,3196,36,2
dt_d3,tree,0.9409456727811469,0.933484625911836,0.026,chess,0,3196,36,2
dt_d6,tree,0.9860352555651815,0.9874320438936809,0.029,chess,0,3196,36,2
dt_dNone,tree,0.991277135359775,0.9913869951159492,0.013,chess,0,3196,36,2
logreg_C0.01_std,linear,0.9775886097404799,0.9883082796468623,0.019,chess,1,3196,36,2
logreg_C0.01_quant,linear,0.9887880271698872,0.9953660098707757,0.237,chess,1,3196,36,2
logreg_C0.1_std,linear,0.9883736989466019,0.9948385638398072,0.017,chess,1,3196,36,2
logreg_C0.1_quant,linear,0.9933205268246137,0.9963643898579664,0.186,chess,1,3196,36,2
logreg_C1_std,linear,0.9929313094027397,0.9961885745143101,0.022,chess,1,3196,36,2
logreg_C1_quant,linear,0.9956369982547992,0.9963832272162152,0.165,chess,1,3196,36,2
logreg_C10_std,linear,0.9954110010420982,0.9963895063356315,0.053,chess,1,3196,36,2
logreg_C10_quant,linear,0.9960952703805542,0.9964774140074596,0.243,chess,1,3196,36,2
logreg_C100_std,linear,0.9962271020879632,0.9965590425598714,0.021,chess,1,3196,36,2
logreg_C100_quant,linear,0.9962459351890216,0.9964836931268758,0.183,chess,1,3196,36,2
rf_dNone_fsqrt,rf,0.9985121850163847,0.9979561466299967,1.047,chess,1,3196,36,2
rf_dNone_f0.3,rf,0.9992121486057227,0.9989074332215649,0.985,chess,1,3196,36,2
rf_dNone_f0.7,rf,0.9997708639371224,0.9983109168770172,1.08,chess,1,3196,36,2
rf_d4_fsqrt,rf,0.9881351463331952,0.9933566916575619,0.791,chess,1,3196,36,2
rf_d4_f0.3,rf,0.9926613682875688,0.9958589207449546,0.816,chess,1,3196,36,2
rf_d4_f0.7,rf,0.9902978141047372,0.9940819299501438,0.953,chess,1,3196,36,2
rf_d8_fsqrt,rf,0.995775107662561,0.9976830049353879,0.873,chess,1,3196,36,2
rf_d8_f0.3,rf,0.9964468216003114,0.9980911476974469,0.907,chess,1,3196,36,2
rf_d8_f0.7,rf,0.9995291724735396,0.9994537166107826,1.012,chess,1,3196,36,2
rf_d16_fsqrt,rf,0.9985121850163848,0.9981288224139446,1.142,chess,1,3196,36,2
rf_d16_f0.3,rf,0.9992498148078396,0.9989451079380627,1.014,chess,1,3196,36,2
rf_d16_f0.7,rf,0.9997708639371224,0.9983109168770172,1.332,chess,1,3196,36,2
et_dNone_fsqrt,et,0.998443130312504,0.9969169523666002,1.204,chess,1,3196,36,2
et_dNone_f0.5,et,0.9994036184664834,0.9981413806527774,1.15,chess,1,3196,36,2
et_d8_fsqrt,et,0.9949464512159905,0.9975448643082294,0.639,chess,1,3196,36,2
et_d8_f0.5,et,0.9986754052255579,0.9990706903263886,0.81,chess,1,3196,36,2
hgb_lr0.03_ln15_l20.0,gbdt,0.9997175034841237,0.9996483693126875,0.83,chess,1,3196,36,2
hgb_lr0.03_ln15_l21.0,gbdt,0.9995291724735395,0.9995636012005678,1.046,chess,1,3196,36,2
hgb_lr0.03_ln31_l20.0,gbdt,0.999579394076362,0.9995353451631942,1.191,chess,1,3196,36,2
hgb_lr0.03_ln31_l21.0,gbdt,0.9995354501738923,0.9995479034020269,0.939,chess,1,3196,36,2
hgb_lr0.03_ln63_l20.0,gbdt,0.9995166170728339,0.9995165078049454,1.985,chess,1,3196,36,2
hgb_lr0.03_ln63_l21.0,gbdt,0.9995354501738923,0.9995479034020269,1.27,chess,1,3196,36,2
hgb_lr0.1_ln15_l20.0,gbdt,0.999805391289063,0.999767672581597,0.513,chess,1,3196,36,2
hgb_lr0.1_ln15_l21.0,gbdt,0.9996672818813013,0.9997048813874343,0.4,chess,1,3196,36,2
hgb_lr0.1_ln31_l20.0,gbdt,0.9996233379788316,0.9995981363573572,0.607,chess,1,3196,36,2
hgb_lr0.1_ln31_l21.0,gbdt,0.9996547264805957,0.999698602268018,0.522,chess,1,3196,36,2
hgb_lr0.1_ln63_l20.0,gbdt,0.9995919494770676,0.9995981363573573,0.658,chess,1,3196,36,2
hgb_lr0.1_ln63_l21.0,gbdt,0.9996798372820068,0.9996609275515203,0.568,chess,1,3196,36,2
hgb_lr0.3_ln15_l20.0,gbdt,0.9998618905922382,0.9997174396262668,0.228,chess,1,3196,36,2
hgb_lr0.3_ln15_l21.0,gbdt,0.9997237811844766,0.9997927890592624,0.232,chess,1,3196,36,2
hgb_lr0.3_ln31_l20.0,gbdt,0.9996672818813013,0.9996797649097691,0.255,chess,1,3196,36,2
hgb_lr0.3_ln31_l21.0,gbdt,0.9995542832749507,0.9996609275515201,0.197,chess,1,3196,36,2
hgb_lr0.3_ln63_l20.0,gbdt,0.9996610041809485,0.999635811073855,0.288,chess,1,3196,36,2
hgb_lr0.3_ln63_l21.0,gbdt,0.9995542832749507,0.9996609275515201,0.182,chess,1,3196,36,2
knn1_std,knn,0.8869229223950682,0.8794754423639628,0.056,chess,1,3196,36,2
knn1_quant,knn,0.8893210039298403,0.8966865086840222,0.178,chess,1,3196,36,2
knn5_std,knn,0.965730033774028,0.9627679614210903,0.061,chess,1,3196,36,2
knn5_quant,knn,0.9728991675769332,0.9702087179293976,0.175,chess,1,3196,36,2
knn15_std,knn,0.9667721320325938,0.9622216780318729,0.073,chess,1,3196,36,2
knn15_quant,knn,0.9703723931849284,0.9710877946476786,0.199,chess,1,3196,36,2
knn31_std,knn,0.9616589450952328,0.961348880433008,0.096,chess,1,3196,36,2
knn31_quant,knn,0.9577542154757869,0.9627114493463437,0.211,chess,1,3196,36,2
svc_C0.1,svm,0.975341193014175,0.9760953923821724,1.451,chess,1,3196,36,2
svc_C1,svm,0.997658417768403,0.9963706689773826,0.894,chess,1,3196,36,2
svc_C10,svm,0.9997049480834181,0.9985181278177548,0.773,chess,1,3196,36,2
"mlp_(64,)_a0.0001",mlp,0.9984682411139152,0.998995340893393,1.999,chess,1,3196,36,2
"mlp_(64,)_a0.01",mlp,0.9985435735181488,0.9989576661768954,2.025,chess,1,3196,36,2
"mlp_(128, 64)_a0.0001",mlp,0.9991587881527239,0.998756734355574,2.589,chess,1,3196,36,2
"mlp_(128, 64)_a0.01",mlp,0.9991650658530766,0.998756734355574,2.73,chess,1,3196,36,2
gaussiannb,nb,0.909331173804412,0.8992452498461615,0.033,chess,1,3196,36,2
dt_d3,tree,0.9375180483885144,0.9470701628803576,0.02,chess,1,3196,36,2
dt_d6,tree,0.9889104423267668,0.9931149455600347,0.023,chess,1,3196,36,2
dt_dNone,tree,0.9885494745564806,0.9871089678383503,0.028,chess,1,3196,36,2
logreg_C0.01_std,linear,0.9832699285597699,0.9868136904089294,0.061,chess,2,3196,36,2
logreg_C0.01_quant,linear,0.9915313822240637,0.9877270958102627,0.428,chess,2,3196,36,2
logreg_C0.1_std,linear,0.9908094466834909,0.9874916820470325,0.038,chess,2,3196,36,2
logreg_C0.1_quant,linear,0.9938729644556606,0.9896794606199857,0.459,chess,2,3196,36,2
logreg_C1_std,linear,0.9935528017376675,0.988709555915477,0.145,chess,2,3196,36,2
logreg_C1_quant,linear,0.9945509560937638,0.9926864790889801,0.539,chess,2,3196,36,2
logreg_C10_std,linear,0.9942998480796514,0.9918923499943502,0.066,chess,2,3196,36,2
logreg_C10_quant,linear,0.9948460080103456,0.9933519153263776,0.67,chess,2,3196,36,2
logreg_C100_std,linear,0.9947643979057591,0.9929218928522103,0.223,chess,2,3196,36,2
logreg_C100_quant,linear,0.9949841174181073,0.9934900247341394,0.529,chess,2,3196,36,2
rf_dNone_fsqrt,rf,0.998584378570442,0.9986942383266162,2.222,chess,2,3196,36,2
rf_dNone_f0.3,rf,0.9992184263060756,0.9990928722990193,3.243,chess,2,3196,36,2
rf_dNone_f0.7,rf,0.9996296156791844,0.999626476829008,2.949,chess,2,3196,36,2
rf_d4_fsqrt,rf,0.987300212186272,0.9931541677652642,3.206,chess,2,3196,36,2
rf_d4_f0.3,rf,0.9891176064384095,0.9932985548733788,19.447,chess,2,3196,36,2
rf_d4_f0.7,rf,0.9877961505141437,0.9932577498210855,5.52,chess,2,3196,36,2
rf_d8_fsqrt,rf,0.9939357414591887,0.9965315705550744,19.836,chess,2,3196,36,2
rf_d8_f0.3,rf,0.994770675606112,0.9967638454681281,3.861,chess,2,3196,36,2
rf_d8_f0.7,rf,0.99892651323967,0.9995636998254799,1.374,chess,2,3196,36,2
rf_d16_fsqrt,rf,0.9986157670722062,0.9988229311838488,1.409,chess,2,3196,36,2
rf_d16_f0.3,rf,0.9990960111491959,0.9989861513930217,1.488,chess,2,3196,36,2
rf_d16_f0.7,rf,0.9996296156791844,0.999626476829008,1.684,chess,2,3196,36,2
et_dNone_fsqrt,et,0.9986251836227352,0.9983991864100343,2.02,chess,2,3196,36,2
et_dNone_f0.5,et,0.9994255904177183,0.9983834921591522,0.921,chess,2,3196,36,2
et_d8_fsqrt,et,0.9941931271736537,0.9967387346667169,1.166,chess,2,3196,36,2
et_d8_f0.5,et,0.9980601905909827,0.9992749256092509,1.45,chess,2,3196,36,2
hgb_lr0.03_ln15_l20.0,gbdt,0.9995668386756562,0.9989170966891407,2.136,chess,2,3196,36,2
hgb_lr0.03_ln15_l21.0,gbdt,0.9992403982573103,0.9986848217760871,2.246,chess,2,3196,36,2
hgb_lr0.03_ln31_l20.0,gbdt,0.9996672818813012,0.9991556493025475,2.181,chess,2,3196,36,2
hgb_lr0.03_ln31_l21.0,gbdt,0.9994852285710698,0.9986973771767925,1.565,chess,2,3196,36,2
hgb_lr0.03_ln63_l20.0,gbdt,0.9996798372820069,0.9991556493025474,1.917,chess,2,3196,36,2
hgb_lr0.03_ln63_l21.0,gbdt,0.9994852285710698,0.9986973771767925,1.42,chess,2,3196,36,2
hgb_lr0.1_ln15_l20.0,gbdt,0.9998430574911799,0.9990677614976082,0.527,chess,2,3196,36,2
hgb_lr0.1_ln15_l21.0,gbdt,0.9998116689894158,0.9987727095810263,0.719,chess,2,3196,36,2
hgb_lr0.1_ln31_l20.0,gbdt,0.9997677250869461,0.9992749256092508,0.574,chess,2,3196,36,2
hgb_lr0.1_ln31_l21.0,gbdt,0.9998116689894158,0.9984776576644444,0.885,chess,2,3196,36,2
hgb_lr0.1_ln63_l20.0,gbdt,0.9998556128918855,0.9993188695117204,0.604,chess,2,3196,36,2
hgb_lr0.1_ln63_l21.0,gbdt,0.9997991135887102,0.9984525468630331,0.89,chess,2,3196,36,2
hgb_lr0.3_ln15_l20.0,gbdt,0.9997740027872991,0.9992058709053699,0.248,chess,2,3196,36,2
hgb_lr0.3_ln15_l21.0,gbdt,0.9997614473865933,0.9989422074905521,0.28,chess,2,3196,36,2
hgb_lr0.3_ln31_l20.0,gbdt,0.9997112257837709,0.9994820897208935,0.41,chess,2,3196,36,2
hgb_lr0.3_ln31_l21.0,gbdt,0.9997614473865933,0.9988166534834958,0.365,chess,2,3196,36,2
hgb_lr0.3_ln63_l20.0,gbdt,0.9998430574911799,0.9994130350170126,0.473,chess,2,3196,36,2
hgb_lr0.3_ln63_l21.0,gbdt,0.9997991135887102,0.9988919858877295,0.294,chess,2,3196,36,2
knn1_std,knn,0.8989133300689292,0.9026203121272617,0.22,chess,2,3196,36,2
knn1_quant,knn,0.8732940349291248,0.8926984067196505,0.443,chess,2,3196,36,2
knn5_std,knn,0.9620638567679888,0.9708338041608598,0.076,chess,2,3196,36,2
knn5_quant,knn,0.9679303677476867,0.9751905282057076,0.282,chess,2,3196,36,2
knn15_std,knn,0.9595433600763368,0.9699047045086444,0.077,chess,2,3196,36,2
knn15_quant,knn,0.9693554057277738,0.977215086569488,0.179,chess,2,3196,36,2
knn31_std,knn,0.9591133376021695,0.970469697540397,0.127,chess,2,3196,36,2
knn31_quant,knn,0.9628736801135008,0.971326603638555,0.2,chess,2,3196,36,2
svc_C0.1,svm,0.9770110613080216,0.9863711125340565,1.757,chess,2,3196,36,2
svc_C1,svm,0.995291724735395,0.9968737052243023,0.99,chess,2,3196,36,2
svc_C10,svm,0.998863736236142,0.9995103393724811,0.822,chess,2,3196,36,2
"mlp_(64,)_a0.0001",mlp,0.9994977839717755,0.9985184627167376,2.158,chess,2,3196,36,2
"mlp_(64,)_a0.01",mlp,0.9995166170728339,0.9985875174206185,2.322,chess,2,3196,36,2
"mlp_(128, 64)_a0.0001",mlp,0.9988386254347307,0.9970808693359448,1.849,chess,2,3196,36,2
"mlp_(128, 64)_a0.01",mlp,0.998832347734378,0.9970683139352392,1.796,chess,2,3196,36,2
gaussiannb,nb,0.910288523108215,0.9198871269476565,0.038,chess,2,3196,36,2
dt_d3,tree,0.9347056386304569,0.9488712694765653,0.022,chess,2,3196,36,2
dt_d6,tree,0.9853729581779602,0.9909224452898415,0.026,chess,2,3196,36,2
dt_dNone,tree,0.9899682348362148,0.9913869951159492,0.031,chess,2,3196,36,2
logreg_C0.01_std,linear,0.815454847015338,0.8365815981039445,0.036,churn,0,5000,20,2
logreg_C0.01_quant,linear,0.7556931566282824,0.7823715507025563,0.208,churn,0,5000,20,2
logreg_C0.1_std,linear,0.8177979265062842,0.8368884374470967,0.018,churn,0,5000,20,2
logreg_C0.1_quant,linear,0.7537976316468427,0.7783191552395463,0.153,churn,0,5000,20,2
logreg_C1_std,linear,0.8202937010651798,0.8360049517521585,0.04,churn,0,5000,20,2
logreg_C1_quant,linear,0.7545505762922478,0.7775520568816658,0.157,churn,0,5000,20,2
logreg_C10_std,linear,0.8208202357822463,0.8360102420856612,0.036,churn,0,5000,20,2
logreg_C10_quant,linear,0.7548612317753172,0.77752031488065,0.154,churn,0,5000,20,2
logreg_C100_std,linear,0.8209202773784889,0.8360261130861691,0.043,churn,0,5000,20,2
logreg_C100_quant,linear,0.754908619899853,0.7775943795496869,0.156,churn,0,5000,20,2
rf_dNone_fsqrt,rf,0.9266616119333829,0.926385009310987,2.627,churn,0,5000,20,2
rf_dNone_f0.3,rf,0.9232838917234008,0.9274060436769934,3.471,churn,0,5000,20,2
rf_dNone_f0.7,rf,0.9249003533047953,0.931844633485695,6.622,churn,0,5000,20,2
rf_d4_fsqrt,rf,0.9058713886300093,0.930802437785678,1.585,churn,0,5000,20,2
rf_d4_f0.3,rf,0.9071719293811636,0.9331090231928222,1.624,churn,0,5000,20,2
rf_d4_f0.7,rf,0.9083329384322956,0.9264987514812935,3.031,churn,0,5000,20,2
rf_d8_fsqrt,rf,0.9204037468210466,0.9350505755882851,1.674,churn,0,5000,20,2
rf_d8_f0.3,rf,0.9225362124251663,0.934278186896902,2.628,churn,0,5000,20,2
rf_d8_f0.7,rf,0.9206933409154333,0.9303580497714576,4.601,churn,0,5000,20,2
rf_d16_fsqrt,rf,0.9229232154422101,0.9307442441171491,2.464,churn,0,5000,20,2
rf_d16_f0.3,rf,0.9255716850690551,0.9292126925681395,3.831,churn,0,5000,20,2
rf_d16_f0.7,rf,0.9268564297786976,0.931278567800914,6.514,churn,0,5000,20,2
et_dNone_fsqrt,et,0.9228916233591863,0.9285831428813273,1.397,churn,0,5000,20,2
et_dNone_f0.5,et,0.9302683747452889,0.9281361097003554,1.678,churn,0,5000,20,2
et_d8_fsqrt,et,0.9009219622895835,0.924104875571356,0.932,churn,0,5000,20,2
et_d8_f0.5,et,0.9148066827786291,0.9413143304553919,1.324,churn,0,5000,20,2
hgb_lr0.03_ln15_l20.0,gbdt,0.9290863043054745,0.9202058997799222,0.514,churn,0,5000,20,2
hgb_lr0.03_ln15_l21.0,gbdt,0.9284176052147998,0.9213803538175046,1.089,churn,0,5000,20,2
hgb_lr0.03_ln31_l20.0,gbdt,0.9232891570705715,0.9324106991704757,0.991,churn,0,5000,20,2
hgb_lr0.03_ln31_l21.0,gbdt,0.920169438871952,0.9281519807008634,0.612,churn,0,5000,20,2
hgb_lr0.03_ln63_l20.0,gbdt,0.9212040795909878,0.9301675977653632,1.148,churn,0,5000,20,2
hgb_lr0.03_ln63_l21.0,gbdt,0.9215568578514225,0.9315113424750296,0.81,churn,0,5000,20,2
hgb_lr0.1_ln15_l20.0,gbdt,0.9284597279921651,0.9291730150668699,0.309,churn,0,5000,20,2
hgb_lr0.1_ln15_l21.0,gbdt,0.9234102600554968,0.9171322160148975,0.329,churn,0,5000,20,2
hgb_lr0.1_ln31_l20.0,gbdt,0.9192664318321829,0.9255967496190958,0.368,churn,0,5000,20,2
hgb_lr0.1_ln31_l21.0,gbdt,0.9243580225462167,0.9267130099881496,0.468,churn,0,5000,20,2
hgb_lr0.1_ln63_l20.0,gbdt,0.9185082218396069,0.9276335280176062,0.574,churn,0,5000,20,2
hgb_lr0.1_ln63_l21.0,gbdt,0.9233102184592541,0.9308235991196885,0.311,churn,0,5000,20,2
hgb_lr0.3_ln15_l20.0,gbdt,0.9253268464256191,0.9247555865921788,0.231,churn,0,5000,20,2
hgb_lr0.3_ln15_l21.0,gbdt,0.9194823110661802,0.9287127560521415,0.127,churn,0,5000,20,2
hgb_lr0.3_ln31_l20.0,gbdt,0.935157249593252,0.9362461909598782,0.302,churn,0,5000,20,2
hgb_lr0.3_ln31_l21.0,gbdt,0.9302025579056555,0.9228986795327577,0.32,churn,0,5000,20,2
hgb_lr0.3_ln63_l20.0,gbdt,0.9225046203421423,0.9260358472998137,0.257,churn,0,5000,20,2
hgb_lr0.3_ln63_l21.0,gbdt,0.9307080312340394,0.9170475706788556,0.213,churn,0,5000,20,2
knn1_std,knn,0.6580446606747016,0.6814584391400034,0.08,churn,0,5000,20,2
knn1_quant,knn,0.6452893571537639,0.6449921703064161,0.18,churn,0,5000,20,2
knn5_std,knn,0.8047319675022773,0.8249243482309124,0.1,churn,0,5000,20,2
knn5_quant,knn,0.7575307627908445,0.7686219739292365,0.185,churn,0,5000,20,2
knn15_std,knn,0.8685321791692335,0.869751989165397,0.125,churn,0,5000,20,2
knn15_quant,knn,0.8259855413566694,0.834703529710513,0.223,churn,0,5000,20,2
knn31_std,knn,0.8769725306838106,0.8861969908583036,0.137,churn,0,5000,20,2
knn31_quant,knn,0.8190484464593173,0.8445038725241241,0.224,churn,0,5000,20,2
svc_C0.1,svm,0.9142959441030745,0.9195128660910783,1.273,churn,0,5000,20,2
svc_C1,svm,0.9161124888769541,0.9183807347215168,1.278,churn,0,5000,20,2
svc_C10,svm,0.9086041038115847,0.8930188759099373,1.786,churn,0,5000,20,2
"mlp_(64,)_a0.0001",mlp,0.8962621300435443,0.9008009564922971,4.129,churn,0,5000,20,2
"mlp_(64,)_a0.01",mlp,0.8949931813754141,0.9014992805146436,4.395,churn,0,5000,20,2
"mlp_(128, 64)_a0.0001",mlp,0.8952248566509233,0.8940081682749279,7.511,churn,0,5000,20,2
"mlp_(128, 64)_a0.01",mlp,0.8923236503598865,0.8910191298459456,6.735,churn,0,5000,20,2
gaussiannb,nb,0.8431611038273809,0.8770473590655156,0.027,churn,0,5000,20,2
dt_d3,tree,0.8259802760094986,0.8398457338750633,0.027,churn,0,5000,20,2
dt_d6,tree,0.8683399939975042,0.8729923184357542,0.047,churn,0,5000,20,2
dt_dNone,tree,0.8181296433780362,0.8405017352293886,0.088,churn,0,5000,20,2
logreg_C0.01_std,linear,0.7980528746162877,0.808931081870883,0.027,churn,1,5000,20,2
logreg_C0.01_quant,linear,0.7472475397665345,0.7464314109550814,0.126,churn,1,5000,20,2
logreg_C0.1_std,linear,0.7982266310729197,0.8124799258639118,0.024,churn,1,5000,20,2
logreg_C0.1_quant,linear,0.7466367594947373,0.7459101415851854,0.18,churn,1,5000,20,2
logreg_C1_std,linear,0.797942302325704,0.8133487081470716,0.019,churn,1,5000,20,2
logreg_C1_quant,linear,0.7458469574191375,0.7475160724722384,0.124,churn,1,5000,20,2
logreg_C10_std,linear,0.7977474844803893,0.8132855239810237,0.042,churn,1,5000,20,2
logreg_C10_quant,linear,0.7458311613776254,0.747410765528825,0.163,churn,1,5000,20,2
logreg_C100_std,linear,0.7977580151747306,0.8132802586338529,0.02,churn,1,5000,20,2
logreg_C100_quant,linear,0.7458206306832841,0.7474212962231664,0.13,churn,1,5000,20,2
rf_dNone_fsqrt,rf,0.8908045977011493,0.9098914811948126,2.343,churn,1,5000,20,2
rf_dNone_f0.3,rf,0.8933240663223132,0.912592604293364,3.448,churn,1,5000,20,2
rf_dNone_f0.7,rf,0.8929317979580984,0.9083697958624901,7.087,churn,1,5000,20,2
rf_d4_fsqrt,rf,0.8886326419932499,0.8962726607378858,1.708,churn,1,5000,20,2
rf_d4_f0.3,rf,0.8912310908219734,0.8996872383780625,1.917,churn,1,5000,20,2
rf_d4_f0.7,rf,0.8854602703229237,0.8982761253363241,3.557,churn,1,5000,20,2
rf_d8_fsqrt,rf,0.8997635859120372,0.9023436060256633,2.335,churn,1,5000,20,2
rf_d8_f0.3,rf,0.8969834826059255,0.905987226267764,2.865,churn,1,5000,20,2
rf_d8_f0.7,rf,0.9008745741650476,0.9120265794725175,4.715,churn,1,5000,20,2
rf_d16_fsqrt,rf,0.8941243990922542,0.9135245707425719,2.421,churn,1,5000,20,2
rf_d16_f0.3,rf,0.8943113189168128,0.9118659863838122,3.679,churn,1,5000,20,2
rf_d16_f0.7,rf,0.8925842850448344,0.9129374845330428,6.136,churn,1,5000,20,2
et_dNone_fsqrt,et,0.8934293732657264,0.899439767061041,1.435,churn,1,5000,20,2
et_dNone_f0.5,et,0.8976811411060388,0.9139879212935906,1.95,churn,1,5000,20,2
et_d8_fsqrt,et,0.8754956008024388,0.883920156275504,0.997,churn,1,5000,20,2
et_d8_f0.5,et,0.892976553409049,0.9048446459317295,1.29,churn,1,5000,20,2
hgb_lr0.03_ln15_l20.0,gbdt,0.9014906197840155,0.9071245412566278,0.653,churn,1,5000,20,2
hgb_lr0.03_ln15_l21.0,gbdt,0.8997635859120371,0.9076194838906703,0.765,churn,1,5000,20,2
hgb_lr0.03_ln31_l20.0,gbdt,0.8941033377035715,0.9121529478046134,1.289,churn,1,5000,20,2
hgb_lr0.03_ln31_l21.0,gbdt,0.8960093933793525,0.9080091195812996,1.526,churn,1,5000,20,2
hgb_lr0.03_ln63_l20.0,gbdt,0.8929765534090491,0.9061557173772252,1.653,churn,1,5000,20,2
hgb_lr0.03_ln63_l21.0,gbdt,0.8899595094802575,0.9081354879133956,1.856,churn,1,5000,20,2
hgb_lr0.1_ln15_l20.0,gbdt,0.8949773853339019,0.9086462265889502,0.327,churn,1,5000,20,2
hgb_lr0.1_ln15_l21.0,gbdt,0.8981207975947895,0.9101415851854193,0.468,churn,1,5000,20,2
hgb_lr0.1_ln31_l20.0,gbdt,0.8902596342689856,0.9101415851854193,0.483,churn,1,5000,20,2
hgb_lr0.1_ln31_l21.0,gbdt,0.8948931397791713,0.9022698911652739,0.692,churn,1,5000,20,2
hgb_lr0.1_ln63_l20.0,gbdt,0.8955144507453099,0.9041970082297377,0.529,churn,1,5000,20,2
hgb_lr0.1_ln63_l21.0,gbdt,0.8964622132360297,0.9119002111404215,0.729,churn,1,5000,20,2
hgb_lr0.3_ln15_l20.0,gbdt,0.8899858362161108,0.9104785674043419,0.285,churn,1,5000,20,2
hgb_lr0.3_ln15_l21.0,gbdt,0.9026226694257086,0.8998952195913037,0.211,churn,1,5000,20,2
hgb_lr0.3_ln31_l20.0,gbdt,0.9026963842860979,0.9102732188646859,0.274,churn,1,5000,20,2
hgb_lr0.3_ln31_l21.0,gbdt,0.8974047103795788,0.9051447707204575,0.36,churn,1,5000,20,2
hgb_lr0.3_ln63_l20.0,gbdt,0.8974468331569442,0.9032492457390178,0.353,churn,1,5000,20,2
hgb_lr0.3_ln63_l21.0,gbdt,0.8947773021414167,0.9129269538387013,0.262,churn,1,5000,20,2
knn1_std,knn,0.6585106438993055,0.6565887921820125,0.126,churn,1,5000,20,2
knn1_quant,knn,0.6406295249077248,0.6467741850558917,0.142,churn,1,5000,20,2
knn5_std,knn,0.8061430805440157,0.8132407685300731,0.123,churn,1,5000,20,2
knn5_quant,knn,0.7606583790102199,0.7674454115132081,0.17,churn,1,5000,20,2
knn15_std,knn,0.8421685858857104,0.8464888032392416,0.174,churn,1,5000,20,2
knn15_quant,knn,0.8056691992986558,0.8044028833041107,0.182,churn,1,5000,20,2
knn31_std,knn,0.8475418726733747,0.8543973546895816,0.186,churn,1,5000,20,2
knn31_quant,knn,0.8037657762964601,0.8041001258417974,0.272,churn,1,5000,20,2
svc_C0.1,svm,0.8851548801870253,0.8760116048251642,1.191,churn,1,5000,20,2
svc_C1,svm,0.8900700817708416,0.8822036530978669,1.396,churn,1,5000,20,2
svc_C10,svm,0.8910704977332681,0.8742477135229911,1.855,churn,1,5000,20,2
"mlp_(64,)_a0.0001",mlp,0.8747057987268391,0.8901648580199136,4.647,churn,1,5000,20,2
"mlp_(64,)_a0.01",mlp,0.8743530204664044,0.8900753471180122,4.334,churn,1,5000,20,2
"mlp_(128, 64)_a0.0001",mlp,0.8817508332411897,0.8788654229916649,6.406,churn,1,5000,20,2
"mlp_(128, 64)_a0.01",mlp,0.8814507084524618,0.8781019476519184,6.216,churn,1,5000,20,2
gaussiannb,nb,0.8099841513050161,0.8194775722537265,0.016,churn,1,5000,20,2
dt_d3,tree,0.7725659616366807,0.8199066980481358,0.024,churn,1,5000,20,2
dt_d6,tree,0.8504193849021435,0.8630246260287172,0.028,churn,1,5000,20,2
dt_dNone,tree,0.8076752965706794,0.8420106254705904,0.046,churn,1,5000,20,2
logreg_C0.01_std,linear,0.8189247108008065,0.8277890638225833,0.02,churn,2,5000,20,2
logreg_C0.01_quant,linear,0.7814249082513256,0.7650880311494836,0.168,churn,2,5000,20,2
logreg_C0.1_std,linear,0.8199514534990866,0.8292597765363128,0.03,churn,2,5000,20,2
logreg_C0.1_quant,linear,0.7799400803491979,0.7623158963941087,0.133,churn,2,5000,20,2
logreg_C1_std,linear,0.8215415883446275,0.8291433891992551,0.05,churn,2,5000,20,2
logreg_C1_quant,linear,0.7809194349229417,0.7623000253936008,0.206,churn,2,5000,20,2
logreg_C10_std,linear,0.8219838775069634,0.8290481631962079,0.023,churn,2,5000,20,2
logreg_C10_quant,linear,0.7809247002701125,0.7623106060606061,0.137,churn,2,5000,20,2
logreg_C100_std,linear,0.8220417963258405,0.8290322921957,0.025,churn,2,5000,20,2
logreg_C100_quant,linear,0.7809615577003071,0.762368799729135,0.119,churn,2,5000,20,2
rf_dNone_fsqrt,rf,0.9108497743798738,0.9186161545623834,2.969,churn,2,5000,20,2
rf_dNone_f0.3,rf,0.913145465746284,0.9199546089385475,3.731,churn,2,5000,20,2
rf_dNone_f0.7,rf,0.9105891396949258,0.924155133739631,6.535,churn,2,5000,20,2
rf_d4_fsqrt,rf,0.8997425245233545,0.9119106568478078,1.407,churn,2,5000,20,2
rf_d4_f0.3,rf,0.9056897341526213,0.9169311833417979,1.83,churn,2,5000,20,2
rf_d4_f0.7,rf,0.9027622011257312,0.9161217623158965,2.737,churn,2,5000,20,2
rf_d8_fsqrt,rf,0.9152068491635995,0.9257819112916879,2.094,churn,2,5000,20,2
rf_d8_f0.3,rf,0.9165600433864607,0.9235441002200779,2.572,churn,2,5000,20,2
rf_d8_f0.7,rf,0.9157070571448128,0.9229251312002709,5.091,churn,2,5000,20,2
rf_d16_fsqrt,rf,0.9122319280121736,0.9149076307770442,2.96,churn,2,5000,20,2
rf_d16_f0.3,rf,0.914538150072925,0.9236393262231252,3.52,churn,2,5000,20,2
rf_d16_f0.7,rf,0.9085461849927076,0.9200868672761131,6.449,churn,2,5000,20,2
et_dNone_fsqrt,et,0.9151094402409422,0.9254406847807686,1.362,churn,2,5000,20,2
et_dNone_f0.5,et,0.9213014885136452,0.928903208058236,1.742,churn,2,5000,20,2
et_d8_fsqrt,et,0.9085777770757314,0.9123180125275098,0.873,churn,2,5000,20,2
et_d8_f0.5,et,0.9173603761564019,0.9285117233790418,1.235,churn,2,5000,20,2
hgb_lr0.03_ln15_l20.0,gbdt,0.9220833925684891,0.9304903081090232,0.994,churn,2,5000,20,2
hgb_lr0.03_ln15_l21.0,gbdt,0.9164863285260715,0.9249671999322838,0.916,churn,2,5000,20,2
hgb_lr0.03_ln31_l20.0,gbdt,0.9131691598085521,0.9278715930252243,1.525,churn,2,5000,20,2
hgb_lr0.03_ln31_l21.0,gbdt,0.9104522406684885,0.9242001015744032,1.282,churn,2,5000,20,2
hgb_lr0.03_ln63_l20.0,gbdt,0.9159913858920289,0.9267870746571865,1.249,churn,2,5000,20,2
hgb_lr0.03_ln63_l21.0,gbdt,0.9101679119212726,0.9207031911291688,1.922,churn,2,5000,20,2
hgb_lr0.1_ln15_l20.0,gbdt,0.9165126552619247,0.932828635517183,0.364,churn,2,5000,20,2
hgb_lr0.1_ln15_l21.0,gbdt,0.9209671389683077,0.9258242339597089,0.422,churn,2,5000,20,2
hgb_lr0.1_ln31_l20.0,gbdt,0.9166811463713861,0.9328656678517014,0.429,churn,2,5000,20,2
hgb_lr0.1_ln31_l21.0,gbdt,0.9090148008908967,0.9228563568647368,0.816,churn,2,5000,20,2
hgb_lr0.1_ln63_l20.0,gbdt,0.9161546116543193,0.9269881073302861,0.441,churn,2,5000,20,2
hgb_lr0.1_ln63_l21.0,gbdt,0.912221397317832,0.9166455053326561,0.738,churn,2,5000,20,2
hgb_lr0.3_ln15_l20.0,gbdt,0.9077326888548397,0.9187933807347215,0.192,churn,2,5000,20,2
hgb_lr0.3_ln15_l21.0,gbdt,0.9154490551334501,0.9292894024039275,0.238,churn,2,5000,20,2
hgb_lr0.3_ln31_l20.0,gbdt,0.9142538213257091,0.9222162265109193,0.278,churn,2,5000,20,2
hgb_lr0.3_ln31_l21.0,gbdt,0.9107313040685338,0.9254803622820382,0.179,churn,2,5000,20,2
hgb_lr0.3_ln63_l20.0,gbdt,0.9053817113431373,0.9237133908921618,0.359,churn,2,5000,20,2
hgb_lr0.3_ln63_l21.0,gbdt,0.9113947378120377,0.9181479600474014,0.338,churn,2,5000,20,2
knn1_std,knn,0.6740908061773052,0.6515098611816489,0.082,churn,2,5000,20,2
knn1_quant,knn,0.6458422186066838,0.6198895378364652,0.157,churn,2,5000,20,2
knn5_std,knn,0.8440746415614913,0.8371317927882173,0.123,churn,2,5000,20,2
knn5_quant,knn,0.7797610585453951,0.7671274547147453,0.204,churn,2,5000,20,2
knn15_std,knn,0.862698174504136,0.867387210089724,0.057,churn,2,5000,20,2
knn15_quant,knn,0.8296002021893313,0.8187822710343661,0.222,churn,2,5000,20,2
knn31_std,knn,0.8712306695941997,0.8753121296766548,0.192,churn,2,5000,20,2
knn31_quant,knn,0.8403967965627813,0.8285879041814797,0.187,churn,2,5000,20,2
svc_C0.1,svm,0.9016011920745993,0.9094823937701033,1.326,churn,2,5000,20,2
svc_C1,svm,0.9052026895393347,0.9106224606399187,1.226,churn,2,5000,20,2
svc_C10,svm,0.8936031297223581,0.8971453360419841,1.783,churn,2,5000,20,2
"mlp_(64,)_a0.0001",mlp,0.8906650660011268,0.9112863974944981,3.761,churn,2,5000,20,2
"mlp_(64,)_a0.01",mlp,0.8906229432237615,0.9116990435077027,4.436,churn,2,5000,20,2
"mlp_(128, 64)_a0.0001",mlp,0.8872847131175594,0.8938653292703572,6.597,churn,2,5000,20,2
"mlp_(128, 64)_a0.01",mlp,0.8904702481558122,0.8948281699678349,5.572,churn,2,5000,20,2
gaussiannb,nb,0.8515593325645927,0.8487176231589639,0.015,churn,2,5000,20,2
dt_d3,tree,0.8096682304747762,0.8212396309463349,0.019,churn,2,5000,20,2
dt_d6,tree,0.8214547101163114,0.850116916370408,0.032,churn,2,5000,20,2
dt_dNone,tree,0.8293422001779688,0.833745979346538,0.058,churn,2,5000,20,2
logreg_C0.01_std,linear,0.9999902374258044,1.0,0.28,clean2,0,5000,168,2
logreg_C0.01_quant,linear,0.9987601530771634,0.9989602858481724,1.311,clean2,0,5000,168,2
logreg_C0.1_std,linear,1.0,1.0,0.174,clean2,0,5000,168,2
logreg_C0.1_quant,linear,1.0,1.0,1.209,clean2,0,5000,168,2
logreg_C1_std,linear,1.0,1.0,0.198,clean2,0,5000,168,2
logreg_C1_quant,linear,1.0,1.0,1.129,clean2,0,5000,168,2
logreg_C10_std,linear,1.0,1.0,0.177,clean2,0,5000,168,2
logreg_C10_quant,linear,1.0,1.0,1.168,clean2,0,5000,168,2
logreg_C100_std,linear,1.0,1.0,0.161,clean2,0,5000,168,2
logreg_C100_quant,linear,1.0,0.9999951187129021,1.16,clean2,0,5000,168,2
rf_dNone_fsqrt,rf,1.0,1.0,3.819,clean2,0,5000,168,2
rf_dNone_f0.3,rf,1.0,1.0,6.708,clean2,0,5000,168,2
rf_dNone_f0.7,rf,1.0,1.0,6.642,clean2,0,5000,168,2
rf_d4_fsqrt,rf,0.9998340362386754,0.9997656982193065,2.468,clean2,0,5000,168,2
rf_d4_f0.3,rf,1.0,1.0,5.445,clean2,0,5000,168,2
rf_d4_f0.7,rf,1.0,1.0,6.626,clean2,0,5000,168,2
rf_d8_fsqrt,rf,1.0,1.0,3.319,clean2,0,5000,168,2
rf_d8_f0.3,rf,1.0,1.0,6.748,clean2,0,5000,168,2
rf_d8_f0.7,rf,1.0,1.0,6.584,clean2,0,5000,168,2
rf_d16_fsqrt,rf,1.0,0.9999999999999999,3.644,clean2,0,5000,168,2
rf_d16_f0.3,rf,1.0,1.0,7.474,clean2,0,5000,168,2
rf_d16_f0.7,rf,1.0,1.0,6.96,clean2,0,5000,168,2
et_dNone_fsqrt,et,0.9999365432677287,0.9998486800999687,1.761,clean2,0,5000,168,2
et_dNone_f0.5,et,1.0,1.0,3.313,clean2,0,5000,168,2
et_d8_fsqrt,et,0.9997559356451109,0.999663191190253,1.425,clean2,0,5000,168,2
et_d8_f0.5,et,0.9999999999999999,1.0,3.222,clean2,0,5000,168,2
hgb_lr0.03_ln15_l20.0,gbdt,1.0,1.0,1.745,clean2,0,5000,168,2
hgb_lr0.03_ln15_l21.0,gbdt,1.0,1.0,1.425,clean2,0,5000,168,2
hgb_lr0.03_ln31_l20.0,gbdt,1.0,1.0,1.752,clean2,0,5000,168,2
hgb_lr0.03_ln31_l21.0,gbdt,1.0,1.0,1.467,clean2,0,5000,168,2
hgb_lr0.03_ln63_l20.0,gbdt,1.0,1.0,1.796,clean2,0,5000,168,2
hgb_lr0.03_ln63_l21.0,gbdt,1.0,1.0,1.497,clean2,0,5000,168,2
hgb_lr0.1_ln15_l20.0,gbdt,1.0,1.0,1.196,clean2,0,5000,168,2
hgb_lr0.1_ln15_l21.0,gbdt,1.0,1.0,1.507,clean2,0,5000,168,2
hgb_lr0.1_ln31_l20.0,gbdt,1.0,1.0,1.205,clean2,0,5000,168,2
hgb_lr0.1_ln31_l21.0,gbdt,1.0,1.0,1.46,clean2,0,5000,168,2
hgb_lr0.1_ln63_l20.0,gbdt,1.0,1.0,1.326,clean2,0,5000,168,2
hgb_lr0.1_ln63_l21.0,gbdt,1.0,1.0,1.76,clean2,0,5000,168,2
hgb_lr0.3_ln15_l20.0,gbdt,1.0,1.0,0.65,clean2,0,5000,168,2
hgb_lr0.3_ln15_l21.0,gbdt,1.0,1.0,1.48,clean2,0,5000,168,2
hgb_lr0.3_ln31_l20.0,gbdt,1.0,1.0,0.762,clean2,0,5000,168,2
hgb_lr0.3_ln31_l21.0,gbdt,1.0,1.0,1.49,clean2,0,5000,168,2
hgb_lr0.3_ln63_l20.0,gbdt,1.0,1.0,0.667,clean2,0,5000,168,2
hgb_lr0.3_ln63_l21.0,gbdt,1.0,1.0,1.545,clean2,0,5000,168,2
knn1_std,knn,0.9278838644173695,0.9114729771946267,0.293,clean2,0,5000,168,2
knn1_quant,knn,0.887803616057482,0.8913279053420806,1.388,clean2,0,5000,168,2
knn5_std,knn,0.9800819079975008,0.9765649406435489,0.33,clean2,0,5000,168,2
knn5_quant,knn,0.961520813808185,0.966892670259294,1.364,clean2,0,5000,168,2
knn15_std,knn,0.9851291588566071,0.9829521048109966,0.353,clean2,0,5000,168,2
knn15_quant,knn,0.9731065487347704,0.9638223406747892,1.43,clean2,0,5000,168,2
knn31_std,knn,0.9806017650734146,0.9748833372383631,0.352,clean2,0,5000,168,2
knn31_quant,knn,0.9671757849109655,0.953976784598563,1.293,clean2,0,5000,168,2
svc_C0.1,svm,0.999506990003124,0.9988577788191191,3.892,clean2,0,5000,168,2
svc_C1,svm,1.0,1.0,2.596,clean2,0,5000,168,2
svc_C10,svm,1.0,1.0,2.326,clean2,0,5000,168,2
"mlp_(64,)_a0.0001",mlp,1.0,1.0,2.704,clean2,0,5000,168,2
"mlp_(64,)_a0.01",mlp,1.0,1.0,2.882,clean2,0,5000,168,2
"mlp_(128, 64)_a0.0001",mlp,1.0,1.0,2.25,clean2,0,5000,168,2
"mlp_(128, 64)_a0.01",mlp,1.0,1.0,1.545,clean2,0,5000,168,2
gaussiannb,nb,0.9334778194314277,0.9340538113089659,0.127,clean2,0,5000,168,2
dt_d3,tree,1.0,1.0,0.111,clean2,0,5000,168,2
dt_d6,tree,1.0,1.0,0.105,clean2,0,5000,168,2
dt_dNone,tree,1.0,1.0,0.108,clean2,0,5000,168,2
logreg_C0.01_std,linear,0.9992043502030615,0.9998833394094057,0.154,clean2,1,5000,168,2
logreg_C0.01_quant,linear,0.9958509059668854,0.9962085308056873,1.189,clean2,1,5000,168,2
logreg_C0.1_std,linear,1.0,1.0,0.099,clean2,1,5000,168,2
logreg_C0.1_quant,linear,1.0,0.9999951391420585,1.174,clean2,1,5000,168,2
logreg_C1_std,linear,1.0,1.0,0.162,clean2,1,5000,168,2
logreg_C1_quant,linear,1.0,1.0,1.221,clean2,1,5000,168,2
logreg_C10_std,linear,1.0,1.0,0.174,clean2,1,5000,168,2
logreg_C10_quant,linear,1.0,1.0,1.212,clean2,1,5000,168,2
logreg_C100_std,linear,1.0,1.0,0.157,clean2,1,5000,168,2
logreg_C100_quant,linear,1.0,1.0,1.181,clean2,1,5000,168,2
rf_dNone_fsqrt,rf,0.9999975593564511,1.0,3.795,clean2,1,5000,168,2
rf_dNone_f0.3,rf,1.0,1.0,6.505,clean2,1,5000,168,2
rf_dNone_f0.7,rf,1.0,1.0,6.796,clean2,1,5000,168,2
rf_d4_fsqrt,rf,0.9995460402999063,0.9991736541499574,2.452,clean2,1,5000,168,2
rf_d4_f0.3,rf,1.0,1.0,5.636,clean2,1,5000,168,2
rf_d4_f0.7,rf,1.0,1.0,6.624,clean2,1,5000,168,2
rf_d8_fsqrt,rf,1.0,1.0,3.302,clean2,1,5000,168,2
rf_d8_f0.3,rf,1.0,1.0,6.778,clean2,1,5000,168,2
rf_d8_f0.7,rf,1.0,1.0,7.178,clean2,1,5000,168,2
rf_d16_fsqrt,rf,1.0,1.0,3.947,clean2,1,5000,168,2
rf_d16_f0.3,rf,1.0,1.0,6.844,clean2,1,5000,168,2
rf_d16_f0.7,rf,1.0,1.0,6.726,clean2,1,5000,168,2
et_dNone_fsqrt,et,0.9996827163386441,1.0,1.695,clean2,1,5000,168,2
et_dNone_f0.5,et,1.0,1.0,3.339,clean2,1,5000,168,2
et_d8_fsqrt,et,0.9991360121836927,0.9995382184955645,1.405,clean2,1,5000,168,2
et_d8_f0.5,et,1.0,1.0,3.489,clean2,1,5000,168,2
hgb_lr0.03_ln15_l20.0,gbdt,1.0,1.0,1.609,clean2,1,5000,168,2
hgb_lr0.03_ln15_l21.0,gbdt,1.0,1.0,1.49,clean2,1,5000,168,2
hgb_lr0.03_ln31_l20.0,gbdt,1.0,1.0,1.801,clean2,1,5000,168,2
hgb_lr0.03_ln31_l21.0,gbdt,1.0,1.0,1.452,clean2,1,5000,168,2
hgb_lr0.03_ln63_l20.0,gbdt,1.0,1.0,1.808,clean2,1,5000,168,2
hgb_lr0.03_ln63_l21.0,gbdt,1.0,1.0,1.46,clean2,1,5000,168,2
hgb_lr0.1_ln15_l20.0,gbdt,1.0,1.0,1.069,clean2,1,5000,168,2
hgb_lr0.1_ln15_l21.0,gbdt,1.0,1.0,1.099,clean2,1,5000,168,2
hgb_lr0.1_ln31_l20.0,gbdt,1.0,1.0,1.043,clean2,1,5000,168,2
hgb_lr0.1_ln31_l21.0,gbdt,1.0,1.0,1.385,clean2,1,5000,168,2
hgb_lr0.1_ln63_l20.0,gbdt,1.0,1.0,1.351,clean2,1,5000,168,2
hgb_lr0.1_ln63_l21.0,gbdt,1.0,1.0,1.299,clean2,1,5000,168,2
hgb_lr0.3_ln15_l20.0,gbdt,1.0,1.0,0.819,clean2,1,5000,168,2
hgb_lr0.3_ln15_l21.0,gbdt,1.0,1.0,1.143,clean2,1,5000,168,2
hgb_lr0.3_ln31_l20.0,gbdt,1.0,1.0,0.774,clean2,1,5000,168,2
hgb_lr0.3_ln31_l21.0,gbdt,1.0,1.0,1.545,clean2,1,5000,168,2
hgb_lr0.3_ln63_l20.0,gbdt,1.0,1.0,0.678,clean2,1,5000,168,2
hgb_lr0.3_ln63_l21.0,gbdt,1.0,1.0,1.419,clean2,1,5000,168,2
knn1_std,knn,0.9067918228678539,0.9207315591201848,0.266,clean2,1,5000,168,2
knn1_quant,knn,0.8800179631365198,0.890071697654636,1.415,clean2,1,5000,168,2
knn5_std,knn,0.9592949468915964,0.979100741280836,0.333,clean2,1,5000,168,2
knn5_quant,knn,0.9468647492970947,0.9612711143516832,1.36,clean2,1,5000,168,2
knn15_std,knn,0.9756936308965947,0.9862680763154696,0.324,clean2,1,5000,168,2
knn15_quant,knn,0.9572765346766636,0.9646494106209746,1.292,clean2,1,5000,168,2
knn31_std,knn,0.970944138550453,0.9800291651476485,0.344,clean2,1,5000,168,2
knn31_quant,knn,0.9495714229928148,0.9598930611252886,1.319,clean2,1,5000,168,2
svc_C0.1,svm,0.9970907528897219,0.9967918337586584,3.704,clean2,1,5000,168,2
svc_C1,svm,1.0,0.9999562522785271,2.546,clean2,1,5000,168,2
svc_C10,svm,1.0,1.0,2.302,clean2,1,5000,168,2
"mlp_(64,)_a0.0001",mlp,1.0,1.0,2.592,clean2,1,5000,168,2
"mlp_(64,)_a0.01",mlp,1.0,1.0,2.725,clean2,1,5000,168,2
"mlp_(128, 64)_a0.0001",mlp,1.0,1.0,2.483,clean2,1,5000,168,2
"mlp_(128, 64)_a0.01",mlp,1.0,1.0,1.707,clean2,1,5000,168,2
gaussiannb,nb,0.8764839112777257,0.8833880179851743,0.172,clean2,1,5000,168,2
dt_d3,tree,1.0,1.0,0.168,clean2,1,5000,168,2
dt_d6,tree,1.0,1.0,0.162,clean2,1,5000,168,2
dt_dNone,tree,1.0,1.0,0.161,clean2,1,5000,168,2
logreg_C0.01_std,linear,0.9996778350515464,0.9996339034676663,0.176,clean2,2,5000,168,2
logreg_C0.01_quant,linear,0.9966514370509216,0.9957142299281474,1.194,clean2,2,5000,168,2
logreg_C0.1_std,linear,1.0,1.0,0.201,clean2,2,5000,168,2
logreg_C0.1_quant,linear,0.9999121368322399,0.9999267806935332,1.167,clean2,2,5000,168,2
logreg_C1_std,linear,1.0,1.0,0.192,clean2,2,5000,168,2
logreg_C1_quant,linear,1.0,1.0,1.165,clean2,2,5000,168,2
logreg_C10_std,linear,1.0,1.0,0.165,clean2,2,5000,168,2
logreg_C10_quant,linear,1.0,1.0,1.148,clean2,2,5000,168,2
logreg_C100_std,linear,1.0,1.0,0.169,clean2,2,5000,168,2
logreg_C100_quant,linear,1.0,0.9999267806935332,1.283,clean2,2,5000,168,2
rf_dNone_fsqrt,rf,1.0,1.0,3.662,clean2,2,5000,168,2
rf_dNone_f0.3,rf,1.0,0.9999999999999999,7.739,clean2,2,5000,168,2
rf_dNone_f0.7,rf,1.0,1.0,6.597,clean2,2,5000,168,2
rf_d4_fsqrt,rf,0.998926116838488,0.9993800765385817,2.2,clean2,2,5000,168,2
rf_d4_f0.3,rf,1.0,1.0,5.423,clean2,2,5000,168,2
rf_d4_f0.7,rf,1.0,1.0,7.011,clean2,2,5000,168,2
rf_d8_fsqrt,rf,1.0,0.9999463058419245,3.477,clean2,2,5000,168,2
rf_d8_f0.3,rf,1.0,1.0,6.958,clean2,2,5000,168,2
rf_d8_f0.7,rf,1.0,1.0,7.262,clean2,2,5000,168,2
rf_d16_fsqrt,rf,1.0,1.0,3.755,clean2,2,5000,168,2
rf_d16_f0.3,rf,1.0,0.9999999999999999,6.968,clean2,2,5000,168,2
rf_d16_f0.7,rf,1.0,1.0,6.229,clean2,2,5000,168,2
et_dNone_fsqrt,et,0.9996973601999376,0.9994728209934396,1.92,clean2,2,5000,168,2
et_dNone_f0.5,et,1.0,1.0,3.404,clean2,2,5000,168,2
et_d8_fsqrt,et,0.9991994689159638,0.9986478834739144,1.324,clean2,2,5000,168,2
et_d8_f0.5,et,1.0,1.0,3.868,clean2,2,5000,168,2
hgb_lr0.03_ln15_l20.0,gbdt,1.0,1.0,1.468,clean2,2,5000,168,2
hgb_lr0.03_ln15_l21.0,gbdt,1.0,1.0,1.257,clean2,2,5000,168,2
hgb_lr0.03_ln31_l20.0,gbdt,1.0,1.0,1.889,clean2,2,5000,168,2
hgb_lr0.03_ln31_l21.0,gbdt,1.0,1.0,1.274,clean2,2,5000,168,2
hgb_lr0.03_ln63_l20.0,gbdt,1.0,1.0,1.799,clean2,2,5000,168,2
hgb_lr0.03_ln63_l21.0,gbdt,1.0,1.0,1.556,clean2,2,5000,168,2
hgb_lr0.1_ln15_l20.0,gbdt,1.0,1.0,0.902,clean2,2,5000,168,2
hgb_lr0.1_ln15_l21.0,gbdt,1.0,1.0,1.41,clean2,2,5000,168,2
hgb_lr0.1_ln31_l20.0,gbdt,1.0,1.0,1.251,clean2,2,5000,168,2
hgb_lr0.1_ln31_l21.0,gbdt,1.0,1.0,1.281,clean2,2,5000,168,2
hgb_lr0.1_ln63_l20.0,gbdt,1.0,1.0,1.152,clean2,2,5000,168,2
hgb_lr0.1_ln63_l21.0,gbdt,1.0,1.0,1.535,clean2,2,5000,168,2
hgb_lr0.3_ln15_l20.0,gbdt,1.0,1.0,0.595,clean2,2,5000,168,2
hgb_lr0.3_ln15_l21.0,gbdt,1.0,1.0,1.414,clean2,2,5000,168,2
hgb_lr0.3_ln31_l20.0,gbdt,1.0,1.0,0.641,clean2,2,5000,168,2
hgb_lr0.3_ln31_l21.0,gbdt,1.0,1.0,1.363,clean2,2,5000,168,2
hgb_lr0.3_ln63_l20.0,gbdt,1.0,1.0,0.586,clean2,2,5000,168,2
hgb_lr0.3_ln63_l21.0,gbdt,1.0,1.0,1.293,clean2,2,5000,168,2
knn1_std,knn,0.9128934317400812,0.9288308341143392,0.282,clean2,2,5000,168,2
knn1_quant,knn,0.8737064589190877,0.8976394095595127,1.451,clean2,2,5000,168,2
knn5_std,knn,0.9771628983130272,0.9733628163074041,0.243,clean2,2,5000,168,2
knn5_quant,knn,0.9602931701030928,0.9537498047485161,1.128,clean2,2,5000,168,2
knn15_std,knn,0.9785369806310528,0.9785125741955639,0.376,clean2,2,5000,168,2
knn15_quant,knn,0.9556876757263355,0.9636490549828178,1.605,clean2,2,5000,168,2
knn31_std,knn,0.969377245392065,0.9816488011558887,0.296,clean2,2,5000,168,2
knn31_quant,knn,0.9488782802249298,0.9631218759762574,1.139,clean2,2,5000,168,2
svc_C0.1,svm,0.997627694470478,0.9970419400187441,3.549,clean2,2,5000,168,2
svc_C1,svm,1.0,1.0,2.369,clean2,2,5000,168,2
svc_C10,svm,1.0,1.0,2.625,clean2,2,5000,168,2
"mlp_(64,)_a0.0001",mlp,1.0,0.999975593564511,2.135,clean2,2,5000,168,2
"mlp_(64,)_a0.01",mlp,1.0,0.9999951187129021,2.777,clean2,2,5000,168,2
"mlp_(128, 64)_a0.0001",mlp,1.0,0.9999609497032177,2.032,clean2,2,5000,168,2
"mlp_(128, 64)_a0.01",mlp,1.0,0.9999707122774133,1.62,clean2,2,5000,168,2
gaussiannb,nb,0.9237957864729772,0.9123418462980319,0.224,clean2,2,5000,168,2
dt_d3,tree,1.0,1.0,0.205,clean2,2,5000,168,2
dt_d6,tree,1.0,1.0,0.181,clean2,2,5000,168,2
dt_dNone,tree,1.0,1.0,0.174,clean2,2,5000,168,2
logreg_C0.01_std,linear,0.7057587784127279,0.7444291171477082,0.121,coil2000,0,5000,85,2
logreg_C0.01_quant,linear,0.6862990421433642,0.7137273627617431,0.458,coil2000,0,5000,85,2
logreg_C0.1_std,linear,0.6899419233947462,0.7356100264101113,0.087,coil2000,0,5000,85,2
logreg_C0.1_quant,linear,0.6671651866249229,0.7003690341445011,0.644,coil2000,0,5000,85,2
logreg_C1_std,linear,0.6889177267489903,0.7339947651386532,0.107,coil2000,0,5000,85,2
logreg_C1_quant,linear,0.6581336343850747,0.6976690718732315,1.07,coil2000,0,5000,85,2
logreg_C10_std,linear,0.6810849501286066,0.7318135729107715,0.146,coil2000,0,5000,85,2
logreg_C10_quant,linear,0.6537226056493756,0.6991546406338426,1.308,coil2000,0,5000,85,2
logreg_C100_std,linear,0.6824001117305432,0.7334524146387473,0.205,coil2000,0,5000,85,2
logreg_C100_quant,linear,0.6480196925082342,0.7056746368609697,1.585,coil2000,0,5000,85,2
rf_dNone_fsqrt,rf,0.688847895159507,0.691443831352575,1.801,coil2000,0,5000,85,2
rf_dNone_f0.3,rf,0.6788561585642624,0.6802136389360498,3.234,coil2000,0,5000,85,2
rf_dNone_f0.7,rf,0.6739854051977981,0.6697498113563479,6.517,coil2000,0,5000,85,2
rf_d4_fsqrt,rf,0.7340929458456023,0.7491216279947179,1.157,coil2000,0,5000,85,2
rf_d4_f0.3,rf,0.7329465439182505,0.7417645255612149,1.914,coil2000,0,5000,85,2
rf_d4_f0.7,rf,0.733359714156027,0.7468107432559895,2.864,coil2000,0,5000,85,2
rf_d8_fsqrt,rf,0.7338310773850396,0.7279699584983965,1.582,coil2000,0,5000,85,2
rf_d8_f0.3,rf,0.7235774723292328,0.714977126957178,2.451,coil2000,0,5000,85,2
rf_d8_f0.7,rf,0.7264987604892866,0.7209901433691757,5.753,coil2000,0,5000,85,2
rf_d16_fsqrt,rf,0.6893658127815085,0.706818289002075,1.913,coil2000,0,5000,85,2
rf_d16_f0.3,rf,0.6994041037697418,0.683397000565931,3.051,coil2000,0,5000,85,2
rf_d16_f0.7,rf,0.6833893925815575,0.6779263346538389,5.921,coil2000,0,5000,85,2
et_dNone_fsqrt,et,0.6731066910301323,0.6966786926994907,1.811,coil2000,0,5000,85,2
et_dNone_f0.5,et,0.6663388461493699,0.6695670628183362,4.036,coil2000,0,5000,85,2
et_d8_fsqrt,et,0.7482629392116014,0.7426605829088851,1.013,coil2000,0,5000,85,2
et_d8_f0.5,et,0.7260332165593976,0.7387874929258631,2.389,coil2000,0,5000,85,2
hgb_lr0.03_ln15_l20.0,gbdt,0.7260681323541391,0.7290369741558196,0.359,coil2000,0,5000,85,2
hgb_lr0.03_ln15_l21.0,gbdt,0.7161287694510072,0.7507663648368232,0.59,coil2000,0,5000,85,2
hgb_lr0.03_ln31_l20.0,gbdt,0.7249217304267873,0.7298210243350312,0.49,coil2000,0,5000,85,2
hgb_lr0.03_ln31_l21.0,gbdt,0.7223728774106447,0.7351266270514998,0.463,coil2000,0,5000,85,2
hgb_lr0.03_ln63_l20.0,gbdt,0.7186892610653972,0.6908779003961516,0.867,coil2000,0,5000,85,2
hgb_lr0.03_ln63_l21.0,gbdt,0.7214301509526193,0.7087577815506508,0.517,coil2000,0,5000,85,2
hgb_lr0.1_ln15_l20.0,gbdt,0.7306421014652995,0.7388110733823807,0.15,coil2000,0,5000,85,2
hgb_lr0.1_ln15_l21.0,gbdt,0.7193933962593545,0.7537316072439162,0.171,coil2000,0,5000,85,2
hgb_lr0.1_ln31_l20.0,gbdt,0.711677005621443,0.7319255800792304,0.485,coil2000,0,5000,85,2
hgb_lr0.1_ln31_l21.0,gbdt,0.734005656358748,0.7398486134691569,0.342,coil2000,0,5000,85,2
hgb_lr0.1_ln63_l20.0,gbdt,0.7118806810907694,0.7182194397283532,0.353,coil2000,0,5000,85,2
hgb_lr0.1_ln63_l21.0,gbdt,0.7218607790877667,0.711121722316544,0.389,coil2000,0,5000,85,2
hgb_lr0.3_ln15_l20.0,gbdt,0.6919030271994041,0.7027801358234296,0.207,coil2000,0,5000,85,2
hgb_lr0.3_ln15_l21.0,gbdt,0.6858218596152279,0.7269736842105263,0.209,coil2000,0,5000,85,2
hgb_lr0.3_ln31_l20.0,gbdt,0.704478532605533,0.665965148085267,0.29,coil2000,0,5000,85,2
hgb_lr0.3_ln31_l21.0,gbdt,0.7268188219410855,0.7183432371250706,0.262,coil2000,0,5000,85,2
hgb_lr0.3_ln63_l20.0,gbdt,0.6879633616927178,0.6861912846632711,0.452,coil2000,0,5000,85,2
hgb_lr0.3_ln63_l21.0,gbdt,0.6997707196145296,0.6971679871722316,0.254,coil2000,0,5000,85,2
knn1_std,knn,0.5211822488099532,0.5317864553857763,0.104,coil2000,0,5000,85,2
knn1_quant,knn,0.5228814841540484,0.5212931522354273,0.649,coil2000,0,5000,85,2
knn5_std,knn,0.5963326776922987,0.5927183550273533,0.126,coil2000,0,5000,85,2
knn5_quant,knn,0.5805972928620478,0.5527023203169213,0.466,coil2000,0,5000,85,2
knn15_std,knn,0.6441149427962896,0.6568866723259763,0.144,coil2000,0,5000,85,2
knn15_quant,knn,0.6429278057750725,0.6202426428975665,0.645,coil2000,0,5000,85,2
knn31_std,knn,0.6638889212183283,0.6468296076212036,0.17,coil2000,0,5000,85,2
knn31_quant,knn,0.6927410062732045,0.6489046877947557,0.497,coil2000,0,5000,85,2
svc_C0.1,svm,0.5862536516102,0.6411467176004527,2.604,coil2000,0,5000,85,2
svc_C1,svm,0.5993354360400833,0.6503666760988492,2.797,coil2000,0,5000,85,2
svc_C10,svm,0.6187602565147053,0.6412528296547823,2.455,coil2000,0,5000,85,2
"mlp_(64,)_a0.0001",mlp,0.671017562644755,0.6315494717977741,5.826,coil2000,0,5000,85,2
"mlp_(64,)_a0.01",mlp,0.6793973533827586,0.634744623655914,5.422,coil2000,0,5000,85,2
"mlp_(128, 64)_a0.0001",mlp,0.64841540484864,0.6494941992076966,6.868,coil2000,0,5000,85,2
"mlp_(128, 64)_a0.01",mlp,0.6518720685280665,0.6578534710431994,5.56,coil2000,0,5000,85,2
gaussiannb,nb,0.49646186613284293,0.5020220241463875,0.075,coil2000,0,5000,85,2
dt_d3,tree,0.6957728611166072,0.7127723542727786,0.075,coil2000,0,5000,85,2
dt_d6,tree,0.7014466777621303,0.7149476513865308,0.089,coil2000,0,5000,85,2
dt_dNone,tree,0.5575936034264032,0.5618986983588001,0.123,coil2000,0,5000,85,2
logreg_C0.01_std,linear,0.6551657918320317,0.7465113301753937,0.103,coil2000,1,5000,85,2
logreg_C0.01_quant,linear,0.6677122007425424,0.7420886628414474,0.568,coil2000,1,5000,85,2
logreg_C0.1_std,linear,0.6471584362379394,0.7343257178105469,0.11,coil2000,1,5000,85,2
logreg_C0.1_quant,linear,0.6501728331839712,0.7368280164337008,0.732,coil2000,1,5000,85,2
logreg_C1_std,linear,0.6279198333352731,0.720650364870055,0.117,coil2000,1,5000,85,2
logreg_C1_quant,linear,0.6426659373145098,0.7316255630171901,1.437,coil2000,1,5000,85,2
logreg_C10_std,linear,0.5998126185682197,0.7090234052210753,0.16,coil2000,1,5000,85,2
logreg_C10_quant,linear,0.6519651773140442,0.7164721080993005,1.504,coil2000,1,5000,85,2
logreg_C100_std,linear,0.5945403335622257,0.7014466777621302,0.223,coil2000,1,5000,85,2
logreg_C100_quant,linear,0.63242397085695,0.6999569371864852,1.529,coil2000,1,5000,85,2
rf_dNone_fsqrt,rf,0.611387204525087,0.697669952630905,2.028,coil2000,1,5000,85,2
rf_dNone_f0.3,rf,0.6598794241221587,0.7045600027932635,3.24,coil2000,1,5000,85,2
rf_dNone_f0.7,rf,0.6524830949360458,0.7098439263975048,6.567,coil2000,1,5000,85,2
rf_d4_fsqrt,rf,0.6867645860732533,0.7348610933299193,1.222,coil2000,1,5000,85,2
rf_d4_f0.3,rf,0.7186427066724084,0.73120657348029,1.701,coil2000,1,5000,85,2
rf_d4_f0.7,rf,0.7281921765342582,0.7180316802644289,2.739,coil2000,1,5000,85,2
rf_d8_fsqrt,rf,0.6674445129828563,0.7225067212904878,1.511,coil2000,1,5000,85,2
rf_d8_f0.3,rf,0.6820742309796208,0.7233214231677937,2.625,coil2000,1,5000,85,2
rf_d8_f0.7,rf,0.695307317186718,0.726161241140117,4.994,coil2000,1,5000,85,2
rf_d16_fsqrt,rf,0.6414147880029328,0.6994273809662366,1.828,coil2000,1,5000,85,2
rf_d16_f0.3,rf,0.6633302685024616,0.6969890946334423,2.874,coil2000,1,5000,85,2
rf_d16_f0.7,rf,0.6497945787409365,0.7058868029934475,6.519,coil2000,1,5000,85,2
et_dNone_fsqrt,et,0.6217048218712539,0.6844135892273133,1.758,coil2000,1,5000,85,2
et_dNone_f0.5,et,0.6285890527344886,0.6873988896777272,3.589,coil2000,1,5000,85,2
et_d8_fsqrt,et,0.6989618370363473,0.7403545117026105,1.199,coil2000,1,5000,85,2
et_d8_f0.5,et,0.7073241698769801,0.7342035125289511,2.001,coil2000,1,5000,85,2
hgb_lr0.03_ln15_l20.0,gbdt,0.7234552670476367,0.7375205130294107,0.906,coil2000,1,5000,85,2
hgb_lr0.03_ln15_l21.0,gbdt,0.7248635374355512,0.7503287904004841,1.072,coil2000,1,5000,85,2
hgb_lr0.03_ln31_l20.0,gbdt,0.7241943180363357,0.7289661433176988,0.922,coil2000,1,5000,85,2
hgb_lr0.03_ln31_l21.0,gbdt,0.73722954807323,0.7334411843437577,0.806,coil2000,1,5000,85,2
hgb_lr0.03_ln63_l20.0,gbdt,0.7341453195377148,0.7114384143573748,0.927,coil2000,1,5000,85,2
hgb_lr0.03_ln63_l21.0,gbdt,0.7323704333050127,0.7237287741064466,0.773,coil2000,1,5000,85,2
hgb_lr0.1_ln15_l20.0,gbdt,0.7018249322051652,0.7308806927293676,0.395,coil2000,1,5000,85,2
hgb_lr0.1_ln15_l21.0,gbdt,0.7032855762851923,0.739353592253349,0.476,coil2000,1,5000,85,2
hgb_lr0.1_ln31_l20.0,gbdt,0.7078304489007344,0.7231817599888268,0.411,coil2000,1,5000,85,2
hgb_lr0.1_ln31_l21.0,gbdt,0.6801655008670755,0.7250264778110124,0.556,coil2000,1,5000,85,2
hgb_lr0.1_ln63_l20.0,gbdt,0.7390917237927864,0.720411773605987,0.42,coil2000,1,5000,85,2
hgb_lr0.1_ln63_l21.0,gbdt,0.7345119353825025,0.7380093341557943,0.391,coil2000,1,5000,85,2
hgb_lr0.3_ln15_l20.0,gbdt,0.7051768485003667,0.6973440718799828,0.235,coil2000,1,5000,85,2
hgb_lr0.3_ln15_l21.0,gbdt,0.6752656510049929,0.6890515706288334,0.337,coil2000,1,5000,85,2
hgb_lr0.3_ln31_l20.0,gbdt,0.6873581545838618,0.6848674945589552,0.282,coil2000,1,5000,85,2
hgb_lr0.3_ln31_l21.0,gbdt,0.7203477613156273,0.7232457722791867,0.343,coil2000,1,5000,85,2
hgb_lr0.3_ln63_l20.0,gbdt,0.6645988757114094,0.714086195458619,0.448,coil2000,1,5000,85,2
hgb_lr0.3_ln63_l21.0,gbdt,0.7050546432187708,0.7107168212660468,0.301,coil2000,1,5000,85,2
knn1_std,knn,0.5194830134658581,0.5430569942156166,0.182,coil2000,1,5000,85,2
knn1_quant,knn,0.5109344630532697,0.5811268490822965,0.593,coil2000,1,5000,85,2
knn5_std,knn,0.5757439973929539,0.6447783428963816,0.177,coil2000,1,5000,85,2
knn5_quant,knn,0.5954015898325206,0.6124928713585736,0.581,coil2000,1,5000,85,2
knn15_std,knn,0.6119051221470886,0.6762723897533781,0.203,coil2000,1,5000,85,2
knn15_quant,knn,0.5951862757649468,0.6817483502286985,0.632,coil2000,1,5000,85,2
knn31_std,knn,0.6185391231480081,0.6996776108285518,0.256,coil2000,1,5000,85,2
knn31_quant,knn,0.6278732789422843,0.6707207783894508,0.679,coil2000,1,5000,85,2
svc_C0.1,svm,0.6049336017969995,0.6393314789166793,2.632,coil2000,1,5000,85,2
svc_C1,svm,0.6007320678297505,0.6406931949116048,2.596,coil2000,1,5000,85,2
svc_C10,svm,0.6012907205456175,0.643370072508467,2.703,coil2000,1,5000,85,2
"mlp_(64,)_a0.0001",mlp,0.6093562691309459,0.641880331932822,5.532,coil2000,1,5000,85,2
"mlp_(64,)_a0.01",mlp,0.6112766378417382,0.639110345549982,5.123,coil2000,1,5000,85,2
"mlp_(128, 64)_a0.0001",mlp,0.6122193642997636,0.6210821568650272,6.432,coil2000,1,5000,85,2
"mlp_(128, 64)_a0.01",mlp,0.6155014490054816,0.6282864491800607,6.044,coil2000,1,5000,85,2
gaussiannb,nb,0.5002153140675737,0.5167188463821417,0.093,coil2000,1,5000,85,2
dt_d3,tree,0.7052524993889736,0.6878644336076162,0.073,coil2000,1,5000,85,2
dt_d6,tree,0.7357048917028433,0.692490776410889,0.083,coil2000,1,5000,85,2
dt_dNone,tree,0.5219271190977759,0.5766518080562378,0.119,coil2000,1,5000,85,2
logreg_C0.01_std,linear,0.7265627727796464,0.7322203357857008,0.074,coil2000,2,5000,85,2
logreg_C0.01_quant,linear,0.6944518802155468,0.7137332578758724,0.543,coil2000,2,5000,85,2
logreg_C0.1_std,linear,0.7151918622921057,0.7235898887002452,0.082,coil2000,2,5000,85,2
logreg_C0.1_quant,linear,0.6824990398156446,0.6986653461611018,0.681,coil2000,2,5000,85,2
logreg_C1_std,linear,0.7045890992888817,0.7106677985285795,0.112,coil2000,2,5000,85,2
logreg_C1_quant,linear,0.6807299728820662,0.6940317864553858,0.668,coil2000,2,5000,85,2
logreg_C10_std,linear,0.7008414706532746,0.7060106583663459,0.121,coil2000,2,5000,85,2
logreg_C10_quant,linear,0.6831740785139837,0.6868397472175062,1.045,coil2000,2,5000,85,2
logreg_C100_std,linear,0.7005155899023521,0.7048080550839464,0.115,coil2000,2,5000,85,2
logreg_C100_quant,linear,0.6812187940084496,0.6972210431993964,1.178,coil2000,2,5000,85,2
rf_dNone_fsqrt,rf,0.6805844904039757,0.6920922939068102,1.858,coil2000,2,5000,85,2
rf_dNone_f0.3,rf,0.6915887850467289,0.6998443689869835,3.131,coil2000,2,5000,85,2
rf_dNone_f0.7,rf,0.704024627273891,0.6983293246557255,5.997,coil2000,2,5000,85,2
rf_d4_fsqrt,rf,0.7469070425157994,0.765256555366912,1.019,coil2000,2,5000,85,2
rf_d4_f0.3,rf,0.75370398389218,0.7531774665157518,1.917,coil2000,2,5000,85,2
rf_d4_f0.7,rf,0.7438111753820369,0.7525290039615167,2.986,coil2000,2,5000,85,2
rf_d8_fsqrt,rf,0.7165419396887839,0.7554235049990569,1.441,coil2000,2,5000,85,2
rf_d8_f0.3,rf,0.7255851305268795,0.7385870590454632,2.863,coil2000,2,5000,85,2
rf_d8_f0.7,rf,0.7270399553077829,0.7463391341256368,4.178,coil2000,2,5000,85,2
rf_d16_fsqrt,rf,0.6813119027944274,0.6994670816827013,1.653,coil2000,2,5000,85,2
rf_d16_f0.3,rf,0.6818298204164289,0.7139513770986606,3.747,coil2000,2,5000,85,2
rf_d16_f0.7,rf,0.7048276905529498,0.7010174966987361,6.062,coil2000,2,5000,85,2
et_dNone_fsqrt,et,0.6406117247238743,0.6568689869835881,1.604,coil2000,2,5000,85,2
et_dNone_f0.5,et,0.6376206049743369,0.6413353612525938,3.429,coil2000,2,5000,85,2
et_d8_fsqrt,et,0.7302056540310284,0.756130918694586,1.181,coil2000,2,5000,85,2
et_d8_f0.5,et,0.7444629368838818,0.7441166760988494,2.393,coil2000,2,5000,85,2
hgb_lr0.03_ln15_l20.0,gbdt,0.720423412204234,0.7323559234106771,0.559,coil2000,2,5000,85,2
hgb_lr0.03_ln15_l21.0,gbdt,0.7305082575854565,0.7436745425391436,0.521,coil2000,2,5000,85,2
hgb_lr0.03_ln31_l20.0,gbdt,0.706090478462774,0.7267968307866439,0.583,coil2000,2,5000,85,2
hgb_lr0.03_ln31_l21.0,gbdt,0.7158494430930739,0.7308231937370308,0.72,coil2000,2,5000,85,2
hgb_lr0.03_ln63_l20.0,gbdt,0.6976932298273997,0.72773415393322,0.938,coil2000,2,5000,85,2
hgb_lr0.03_ln63_l21.0,gbdt,0.6894472829692392,0.7200056593095643,0.984,coil2000,2,5000,85,2
hgb_lr0.1_ln15_l20.0,gbdt,0.7137370375112022,0.7344840596113941,0.258,coil2000,2,5000,85,2
hgb_lr0.1_ln15_l21.0,gbdt,0.7207842087498981,0.7329277494812301,0.293,coil2000,2,5000,85,2
hgb_lr0.1_ln31_l20.0,gbdt,0.7139989059717646,0.708575033012639,0.413,coil2000,2,5000,85,2
hgb_lr0.1_ln31_l21.0,gbdt,0.7111241722046996,0.7267260894170912,0.4,coil2000,2,5000,85,2
hgb_lr0.1_ln63_l20.0,gbdt,0.6907333480755578,0.7098071118656857,0.648,coil2000,2,5000,85,2
hgb_lr0.1_ln63_l21.0,gbdt,0.6998289126057657,0.7161797302395774,0.545,coil2000,2,5000,85,2
hgb_lr0.3_ln15_l20.0,gbdt,0.6688120482769055,0.6772189209583097,0.313,coil2000,2,5000,85,2
hgb_lr0.3_ln15_l21.0,gbdt,0.702278837536807,0.7306581305414073,0.262,coil2000,2,5000,85,2
hgb_lr0.3_ln31_l20.0,gbdt,0.6755100615681847,0.7003395585738541,0.263,coil2000,2,5000,85,2
hgb_lr0.3_ln31_l21.0,gbdt,0.6827492696779599,0.7167397660818713,0.31,coil2000,2,5000,85,2
hgb_lr0.3_ln63_l20.0,gbdt,0.6609792716565217,0.7060637143935107,0.403,coil2000,2,5000,85,2
hgb_lr0.3_ln63_l21.0,gbdt,0.6735664156608978,0.717341067723071,0.429,coil2000,2,5000,85,2
knn1_std,knn,0.5434818030516404,0.5454041690247123,0.173,coil2000,2,5000,85,2
knn1_quant,knn,0.5263323285343513,0.5441308243727598,0.536,coil2000,2,5000,85,2
knn5_std,knn,0.6008077187183576,0.5724214770797963,0.166,coil2000,2,5000,85,2
knn5_quant,knn,0.5782753925117259,0.5750742784380305,0.556,coil2000,2,5000,85,2
knn15_std,knn,0.6565158692287101,0.6160099509526504,0.193,coil2000,2,5000,85,2
knn15_quant,knn,0.6156120156888304,0.6138759196378042,0.571,coil2000,2,5000,85,2
knn31_std,knn,0.6525703844229,0.6373738445576307,0.228,coil2000,2,5000,85,2
knn31_quant,knn,0.671273611806194,0.6383760139596303,0.6,coil2000,2,5000,85,2
svc_C0.1,svm,0.6098509095564529,0.5847953216374269,2.403,coil2000,2,5000,85,2
svc_C1,svm,0.610979853586434,0.5850429164308621,2.587,coil2000,2,5000,85,2
svc_C10,svm,0.6184052792681649,0.5926947745708356,2.496,coil2000,2,5000,85,2
"mlp_(64,)_a0.0001",mlp,0.6340708325089326,0.6215100924353896,6.029,coil2000,2,5000,85,2
"mlp_(64,)_a0.01",mlp,0.6306374460260006,0.6215690435766836,4.963,coil2000,2,5000,85,2
"mlp_(128, 64)_a0.0001",mlp,0.6378650155375286,0.594180343331447,5.601,coil2000,2,5000,85,2
"mlp_(128, 64)_a0.01",mlp,0.6433351567137253,0.6127971137521223,5.273,coil2000,2,5000,85,2
gaussiannb,nb,0.5134542195737946,0.503843614412375,0.054,coil2000,2,5000,85,2
dt_d3,tree,0.739068446596292,0.7166513393699301,0.074,coil2000,2,5000,85,2
dt_d6,tree,0.70199369187975,0.6853954442558008,0.082,coil2000,2,5000,85,2
dt_dNone,tree,0.5003491579474169,0.5396387474061497,0.086,coil2000,2,5000,85,2
logreg_C0.01_std,linear,0.854232194030894,0.8758999091353883,0.016,hypothyroid,0,3163,25,2
logreg_C0.01_quant,linear,0.8575522471517438,0.8422800027958341,0.137,hypothyroid,0,3163,25,2
logreg_C0.1_std,linear,0.8926399664499894,0.9138883064234291,0.02,hypothyroid,0,3163,25,2
logreg_C0.1_quant,linear,0.8890403299084364,0.9138184105682533,0.138,hypothyroid,0,3163,25,2
logreg_C1_std,linear,0.9055008038023346,0.9404137834626408,0.059,hypothyroid,0,3163,25,2
logreg_C1_quant,linear,0.902704969595303,0.9369888865590271,0.229,hypothyroid,0,3163,25,2
logreg_C10_std,linear,0.8996644998951562,0.9465995666456979,0.045,hypothyroid,0,3163,25,2
logreg_C10_quant,linear,0.9012721045641994,0.9410078982316349,0.245,hypothyroid,0,3163,25,2
logreg_C100_std,linear,0.8881316837911511,0.94722862934228,0.035,hypothyroid,0,3163,25,2
logreg_C100_quant,linear,0.8912420493464738,0.9411476899419865,0.269,hypothyroid,0,3163,25,2
rf_dNone_fsqrt,rf,0.9887292933529042,0.9883099182218495,1.025,hypothyroid,0,3163,25,2
rf_dNone_f0.3,rf,0.9908785908995595,0.9897078353253652,1.074,hypothyroid,0,3163,25,2
rf_dNone_f0.7,rf,0.9900223666736564,0.9876284336338856,1.323,hypothyroid,0,3163,25,2
rf_d4_fsqrt,rf,0.9800447333473126,0.9809883273921857,0.914,hypothyroid,0,3163,25,2
rf_d4_f0.3,rf,0.9800097854197246,0.982491088278465,0.952,hypothyroid,0,3163,25,2
rf_d4_f0.7,rf,0.983504578178514,0.9818969735094708,1.176,hypothyroid,0,3163,25,2
rf_d8_fsqrt,rf,0.9873488502131824,0.9889215069546377,0.995,hypothyroid,0,3163,25,2
rf_d8_f0.3,rf,0.9892010903753408,0.9899349968546866,1.082,hypothyroid,0,3163,25,2
rf_d8_f0.7,rf,0.9894282519046621,0.9892010903753407,1.324,hypothyroid,0,3163,25,2
rf_d16_fsqrt,rf,0.9882749702942615,0.9883273921856434,0.972,hypothyroid,0,3163,25,2
rf_d16_f0.3,rf,0.9911407003564688,0.9890787726287831,1.058,hypothyroid,0,3163,25,2
rf_d16_f0.7,rf,0.9900223666736564,0.9876284336338856,1.256,hypothyroid,0,3163,25,2
et_dNone_fsqrt,et,0.9799398895645489,0.9873837981407703,0.812,hypothyroid,0,3163,25,2
et_dNone_f0.5,et,0.9863353603131334,0.9908611169357658,0.945,hypothyroid,0,3163,25,2
et_d8_fsqrt,et,0.9673935835604949,0.981512546306004,0.741,hypothyroid,0,3163,25,2
et_d8_f0.5,et,0.9854267141958482,0.9918571328720206,0.823,hypothyroid,0,3163,25,2
hgb_lr0.03_ln15_l20.0,gbdt,0.9832948906129866,0.9886419235339344,0.734,hypothyroid,0,3163,25,2
hgb_lr0.03_ln15_l21.0,gbdt,0.9793807227231425,0.9846578597889145,0.557,hypothyroid,0,3163,25,2
hgb_lr0.03_ln31_l20.0,gbdt,0.9824561403508772,0.9862654644579577,0.926,hypothyroid,0,3163,25,2
hgb_lr0.03_ln31_l21.0,gbdt,0.9804641084783672,0.9856014538337877,0.568,hypothyroid,0,3163,25,2
hgb_lr0.03_ln63_l20.0,gbdt,0.9824561403508772,0.9862654644579577,1.134,hypothyroid,0,3163,25,2
hgb_lr0.03_ln63_l21.0,gbdt,0.9804641084783672,0.9856014538337877,0.555,hypothyroid,0,3163,25,2
hgb_lr0.1_ln15_l20.0,gbdt,0.9810232753197735,0.9889564548822256,0.335,hypothyroid,0,3163,25,2
hgb_lr0.1_ln15_l21.0,gbdt,0.9760257216747047,0.9843083805130356,0.361,hypothyroid,0,3163,25,2
hgb_lr0.1_ln31_l20.0,gbdt,0.9826658279164046,0.9871042147200672,0.432,hypothyroid,0,3163,25,2
hgb_lr0.1_ln31_l21.0,gbdt,0.9765149926609353,0.984832599426854,0.361,hypothyroid,0,3163,25,2
hgb_lr0.1_ln63_l20.0,gbdt,0.9803942126231915,0.9881876004752919,0.617,hypothyroid,0,3163,25,2
hgb_lr0.1_ln63_l21.0,gbdt,0.9765149926609353,0.984832599426854,0.323,hypothyroid,0,3163,25,2
hgb_lr0.3_ln15_l20.0,gbdt,0.9772838470678687,0.9847627035716782,0.146,hypothyroid,0,3163,25,2
hgb_lr0.3_ln15_l21.0,gbdt,0.9818270776542951,0.9879779129097644,0.168,hypothyroid,0,3163,25,2
hgb_lr0.3_ln31_l20.0,gbdt,0.9603690501153281,0.9809184315370099,0.187,hypothyroid,0,3163,25,2
hgb_lr0.3_ln31_l21.0,gbdt,0.9789613475920879,0.9891661424477528,0.134,hypothyroid,0,3163,25,2
hgb_lr0.3_ln63_l20.0,gbdt,0.9521213392045853,0.9800447333473127,0.186,hypothyroid,0,3163,25,2
hgb_lr0.3_ln63_l21.0,gbdt,0.9789613475920879,0.9891661424477528,0.156,hypothyroid,0,3163,25,2
knn1_std,knn,0.7143880617879359,0.6735863563290697,0.05,hypothyroid,0,3163,25,2
knn1_quant,knn,0.7373837981407703,0.711068008667086,0.109,hypothyroid,0,3163,25,2
knn5_std,knn,0.8267456489830153,0.8216781994827707,0.066,hypothyroid,0,3163,25,2
knn5_quant,knn,0.8696092821695673,0.8732788145662962,0.133,hypothyroid,0,3163,25,2
knn15_std,knn,0.8432934926958833,0.8656951142797232,0.054,hypothyroid,0,3163,25,2
knn15_quant,knn,0.8583211015586776,0.8477668274271337,0.145,hypothyroid,0,3163,25,2
knn31_std,knn,0.8419654714475433,0.8527469071084086,0.099,hypothyroid,0,3163,25,2
knn31_quant,knn,0.8213636681344797,0.8283532536520584,0.18,hypothyroid,0,3163,25,2
svc_C0.1,svm,0.9243377367722094,0.9583770182428182,0.198,hypothyroid,0,3163,25,2
svc_C1,svm,0.9253861745998463,0.9578178514014118,0.287,hypothyroid,0,3163,25,2
svc_C10,svm,0.9352065422520445,0.9601418885860068,0.261,hypothyroid,0,3163,25,2
"mlp_(64,)_a0.0001",mlp,0.9423359194799749,0.975291815195359,2.542,hypothyroid,0,3163,25,2
"mlp_(64,)_a0.01",mlp,0.9445026909904243,0.9754316069057105,2.662,hypothyroid,0,3163,25,2
"mlp_(128, 64)_a0.0001",mlp,0.9371461522331725,0.9436289928007269,6.409,hypothyroid,0,3163,25,2
"mlp_(128, 64)_a0.01",mlp,0.9405885231005802,0.9473334731250437,5.905,hypothyroid,0,3163,25,2
gaussiannb,nb,0.7602572167470468,0.7369120011183337,0.033,hypothyroid,0,3163,25,2
dt_d3,tree,0.8949640036345846,0.9138358845320473,0.028,hypothyroid,0,3163,25,2
dt_d6,tree,0.8935136646396868,0.8830118123995248,0.022,hypothyroid,0,3163,25,2
dt_dNone,tree,0.8716187880058712,0.8847766827427134,0.028,hypothyroid,0,3163,25,2
logreg_C0.01_std,linear,0.8606626127070665,0.8904731949395401,0.033,hypothyroid,1,3163,25,2
logreg_C0.01_quant,linear,0.875969804990564,0.8965541343398337,0.148,hypothyroid,1,3163,25,2
logreg_C0.1_std,linear,0.8955755923673726,0.936080240441742,0.03,hypothyroid,1,3163,25,2
logreg_C0.1_quant,linear,0.9124204934647375,0.9445376389180122,0.175,hypothyroid,1,3163,25,2
logreg_C1_std,linear,0.9124554413923256,0.957433424197945,0.036,hypothyroid,1,3163,25,2
logreg_C1_quant,linear,0.9190605997064375,0.9563500384427204,0.24,hypothyroid,1,3163,25,2
logreg_C10_std,linear,0.9135388271475502,0.9603690501153282,0.032,hypothyroid,1,3163,25,2
logreg_C10_quant,linear,0.9066191374851471,0.9497099322010204,0.288,hypothyroid,1,3163,25,2
logreg_C100_std,linear,0.9133990354371985,0.9608583211015588,0.04,hypothyroid,1,3163,25,2
logreg_C100_quant,linear,0.9061997623540924,0.9499545676941359,0.187,hypothyroid,1,3163,25,2
rf_dNone_fsqrt,rf,0.9898301530719228,0.993080310337597,0.979,hypothyroid,1,3163,25,2
rf_dNone_f0.3,rf,0.9898476270357168,0.9871042147200672,1.047,hypothyroid,1,3163,25,2
rf_dNone_f0.7,rf,0.9886943454253163,0.9774935346333963,1.249,hypothyroid,1,3163,25,2
rf_d4_fsqrt,rf,0.9887467673166981,0.9875235898511218,0.881,hypothyroid,1,3163,25,2
rf_d4_f0.3,rf,0.9899699447822744,0.9885370797511708,0.947,hypothyroid,1,3163,25,2
rf_d4_f0.7,rf,0.9854616621234361,0.9866498916614246,1.103,hypothyroid,1,3163,25,2
rf_d8_fsqrt,rf,0.9893408820856924,0.9929405186272453,0.986,hypothyroid,1,3163,25,2
rf_d8_f0.3,rf,0.9902145802753897,0.9918920807996086,0.974,hypothyroid,1,3163,25,2
rf_d8_f0.7,rf,0.9882924442580555,0.9870692667924793,1.2,hypothyroid,1,3163,25,2
rf_d16_fsqrt,rf,0.989445725868456,0.9933598937583001,0.953,hypothyroid,1,3163,25,2
rf_d16_f0.3,rf,0.9896379394701894,0.9870867407562732,0.991,hypothyroid,1,3163,25,2
rf_d16_f0.7,rf,0.9886943454253163,0.9774935346333963,1.206,hypothyroid,1,3163,25,2
et_dNone_fsqrt,et,0.9855839798699937,0.9956664569791013,0.839,hypothyroid,1,3163,25,2
et_dNone_f0.5,et,0.9883448661494374,0.9965401551687986,1.077,hypothyroid,1,3163,25,2
et_d8_fsqrt,et,0.9847277556440902,0.9916124973789053,0.72,hypothyroid,1,3163,25,2
et_d8_f0.5,et,0.9872090585028308,0.9964702593136228,0.719,hypothyroid,1,3163,25,2
hgb_lr0.03_ln15_l20.0,gbdt,0.9745928566436011,0.9910183826099113,0.353,hypothyroid,1,3163,25,2
hgb_lr0.03_ln15_l21.0,gbdt,0.9757461382540016,0.9917173411616691,0.401,hypothyroid,1,3163,25,2
hgb_lr0.03_ln31_l20.0,gbdt,0.9760257216747047,0.9912979660306145,0.525,hypothyroid,1,3163,25,2
hgb_lr0.03_ln31_l21.0,gbdt,0.9764101488781716,0.9914727056685538,0.476,hypothyroid,1,3163,25,2
hgb_lr0.03_ln63_l20.0,gbdt,0.9760257216747047,0.9912979660306145,0.559,hypothyroid,1,3163,25,2
hgb_lr0.03_ln63_l21.0,gbdt,0.9764101488781716,0.9914727056685538,0.456,hypothyroid,1,3163,25,2
hgb_lr0.1_ln15_l20.0,gbdt,0.9733696791780247,0.9919270287271965,0.189,hypothyroid,1,3163,25,2
hgb_lr0.1_ln15_l21.0,gbdt,0.975990773747117,0.9917872370168449,0.173,hypothyroid,1,3163,25,2
hgb_lr0.1_ln31_l20.0,gbdt,0.9735094708883764,0.9925560914237785,0.231,hypothyroid,1,3163,25,2
hgb_lr0.1_ln31_l21.0,gbdt,0.9773187949954568,0.9952820297756343,0.281,hypothyroid,1,3163,25,2
hgb_lr0.1_ln63_l20.0,gbdt,0.9735444188159642,0.9925560914237785,0.261,hypothyroid,1,3163,25,2
hgb_lr0.1_ln63_l21.0,gbdt,0.9773187949954568,0.9952820297756343,0.284,hypothyroid,1,3163,25,2
hgb_lr0.3_ln15_l20.0,gbdt,0.9674285314880827,0.9896903613615712,0.13,hypothyroid,1,3163,25,2
hgb_lr0.3_ln15_l21.0,gbdt,0.9860907248200182,0.9941986440204096,0.219,hypothyroid,1,3163,25,2
hgb_lr0.3_ln31_l20.0,gbdt,0.9803592646956035,0.990424267840917,0.282,hypothyroid,1,3163,25,2
hgb_lr0.3_ln31_l21.0,gbdt,0.9794506185783184,0.9942335919479975,0.133,hypothyroid,1,3163,25,2
hgb_lr0.3_ln63_l20.0,gbdt,0.9798350457817852,0.9876633815614734,0.287,hypothyroid,1,3163,25,2
hgb_lr0.3_ln63_l21.0,gbdt,0.9794506185783184,0.9942335919479975,0.137,hypothyroid,1,3163,25,2
knn1_std,knn,0.707083944922066,0.7170441042846158,0.054,hypothyroid,1,3163,25,2
knn1_quant,knn,0.7688893548612568,0.7407038512616202,0.142,hypothyroid,1,3163,25,2
knn5_std,knn,0.8331236457678061,0.8549136786188579,0.063,hypothyroid,1,3163,25,2
knn5_quant,knn,0.8312364576780598,0.8305899210176837,0.124,hypothyroid,1,3163,25,2
knn15_std,knn,0.8543195638498637,0.904050464807437,0.084,hypothyroid,1,3163,25,2
knn15_quant,knn,0.8551583141119731,0.868054099391906,0.218,hypothyroid,1,3163,25,2
knn31_std,knn,0.8220102047948558,0.8804606136856085,0.067,hypothyroid,1,3163,25,2
knn31_quant,knn,0.8533060739498148,0.838068777521493,0.145,hypothyroid,1,3163,25,2
svc_C0.1,svm,0.9434892010903755,0.9633046760327113,0.303,hypothyroid,1,3163,25,2
svc_C1,svm,0.9433494093800239,0.9632697281051233,0.233,hypothyroid,1,3163,25,2
svc_C10,svm,0.939295449779828,0.9642133221499966,0.258,hypothyroid,1,3163,25,2
"mlp_(64,)_a0.0001",mlp,0.9538687355839799,0.9743482211504858,2.798,hypothyroid,1,3163,25,2
"mlp_(64,)_a0.01",mlp,0.955790871601314,0.9752918151953588,2.604,hypothyroid,1,3163,25,2
"mlp_(128, 64)_a0.0001",mlp,0.9298769832948907,0.9524708184804641,6.305,hypothyroid,1,3163,25,2
"mlp_(128, 64)_a0.01",mlp,0.9318165932760188,0.9546026420633257,5.799,hypothyroid,1,3163,25,2
gaussiannb,nb,0.7608163835884533,0.7586321381142098,0.028,hypothyroid,1,3163,25,2
dt_d3,tree,0.8969210875795067,0.8838156147340464,0.023,hypothyroid,1,3163,25,2
dt_d6,tree,0.8908750961068008,0.817903823303278,0.025,hypothyroid,1,3163,25,2
dt_dNone,tree,0.8736108198783813,0.7865380582931432,0.019,hypothyroid,1,3163,25,2
logreg_C0.01_std,linear,0.890508142867128,0.8606276647794786,0.031,hypothyroid,2,3163,25,2
logreg_C0.01_quant,linear,0.9314671140001398,0.8784860557768924,0.105,hypothyroid,2,3163,25,2
logreg_C0.1_std,linear,0.9322010204794856,0.9148319004683022,0.031,hypothyroid,2,3163,25,2
logreg_C0.1_quant,linear,0.9421611798420354,0.9205633605927168,0.194,hypothyroid,2,3163,25,2
logreg_C1_std,linear,0.947263577269868,0.9299993010414482,0.019,hypothyroid,2,3163,25,2
logreg_C1_quant,linear,0.9426853987558538,0.9283218005172292,0.18,hypothyroid,2,3163,25,2
logreg_C10_std,linear,0.9447822744111275,0.925770601803313,0.051,hypothyroid,2,3163,25,2
logreg_C10_quant,linear,0.9437338365834907,0.9300342489690363,0.247,hypothyroid,2,3163,25,2
logreg_C100_std,linear,0.9435940448731391,0.9244076326273852,0.023,hypothyroid,2,3163,25,2
logreg_C100_quant,linear,0.9437687845110785,0.9305934158104425,0.214,hypothyroid,2,3163,25,2
rf_dNone_fsqrt,rf,0.9910882784650871,0.9886768714615224,1.004,hypothyroid,2,3163,25,2
rf_dNone_f0.3,rf,0.9907737471167959,0.9902320542391836,1.032,hypothyroid,2,3163,25,2
rf_dNone_f0.7,rf,0.988152652547704,0.9859509331096666,1.255,hypothyroid,2,3163,25,2
rf_d4_fsqrt,rf,0.9823163486405256,0.9831201509750472,0.898,hypothyroid,2,3163,25,2
rf_d4_f0.3,rf,0.9817571817991193,0.9837492136716293,1.051,hypothyroid,2,3163,25,2
rf_d4_f0.7,rf,0.9820367652198225,0.9845879639337388,1.173,hypothyroid,2,3163,25,2
rf_d8_fsqrt,rf,0.9902145802753897,0.9893758300132802,1.08,hypothyroid,2,3163,25,2
rf_d8_f0.3,rf,0.9897253092891591,0.9890612986649892,0.953,hypothyroid,2,3163,25,2
rf_d8_f0.7,rf,0.9877332774166493,0.9863703082407214,1.12,hypothyroid,2,3163,25,2
rf_d16_fsqrt,rf,0.9912979660306145,0.9892535122667225,1.107,hypothyroid,2,3163,25,2
rf_d16_f0.3,rf,0.9908261690081778,0.9902320542391836,1.008,hypothyroid,2,3163,25,2
rf_d16_f0.7,rf,0.988152652547704,0.9859509331096666,1.658,hypothyroid,2,3163,25,2
et_dNone_fsqrt,et,0.9905291116236808,0.987436220032152,0.917,hypothyroid,2,3163,25,2
et_dNone_f0.5,et,0.9915251275599357,0.9905990074788565,1.02,hypothyroid,2,3163,25,2
et_d8_fsqrt,et,0.9867197875166002,0.9814426504508282,0.773,hypothyroid,2,3163,25,2
et_d8_f0.5,et,0.9894457258684559,0.9888865590270497,0.695,hypothyroid,2,3163,25,2
hgb_lr0.03_ln15_l20.0,gbdt,0.9869644230097155,0.986440204095897,0.707,hypothyroid,2,3163,25,2
hgb_lr0.03_ln15_l21.0,gbdt,0.9853218704130846,0.9863877822045154,0.442,hypothyroid,2,3163,25,2
hgb_lr0.03_ln31_l20.0,gbdt,0.9850073390647935,0.9865799958062488,0.623,hypothyroid,2,3163,25,2
hgb_lr0.03_ln31_l21.0,gbdt,0.9846229118613266,0.9859159851820787,0.864,hypothyroid,2,3163,25,2
hgb_lr0.03_ln63_l20.0,gbdt,0.9850073390647935,0.9865799958062488,0.853,hypothyroid,2,3163,25,2
hgb_lr0.03_ln63_l21.0,gbdt,0.9846229118613266,0.9859159851820787,0.754,hypothyroid,2,3163,25,2
hgb_lr0.1_ln15_l20.0,gbdt,0.9842384846578597,0.9855665059061999,0.288,hypothyroid,2,3163,25,2
hgb_lr0.1_ln15_l21.0,gbdt,0.9851121828475572,0.9856364017613756,0.292,hypothyroid,2,3163,25,2
hgb_lr0.1_ln31_l20.0,gbdt,0.9838191095268051,0.9849723911372056,0.208,hypothyroid,2,3163,25,2
hgb_lr0.1_ln31_l21.0,gbdt,0.9841336408750961,0.983539526106102,0.306,hypothyroid,2,3163,25,2
hgb_lr0.1_ln63_l20.0,gbdt,0.9838191095268051,0.9849374432096176,0.288,hypothyroid,2,3163,25,2
hgb_lr0.1_ln63_l21.0,gbdt,0.9841336408750961,0.983539526106102,0.184,hypothyroid,2,3163,25,2
hgb_lr0.3_ln15_l20.0,gbdt,0.9800097854197247,0.9840637450199203,0.174,hypothyroid,2,3163,25,2
hgb_lr0.3_ln15_l21.0,gbdt,0.9829104634095198,0.9815474942335919,0.139,hypothyroid,2,3163,25,2
hgb_lr0.3_ln31_l20.0,gbdt,0.979205983085203,0.9803243167680157,0.18,hypothyroid,2,3163,25,2
hgb_lr0.3_ln31_l21.0,gbdt,0.9814426504508283,0.9830153071922835,0.167,hypothyroid,2,3163,25,2
hgb_lr0.3_ln63_l20.0,gbdt,0.9792059830852031,0.9802893688404278,0.234,hypothyroid,2,3163,25,2
hgb_lr0.3_ln63_l21.0,gbdt,0.9814426504508283,0.9830153071922835,0.165,hypothyroid,2,3163,25,2
knn1_std,knn,0.7012301670510939,0.7353917662682603,0.054,hypothyroid,2,3163,25,2
knn1_quant,knn,0.7597155238694344,0.7367197875166003,0.132,hypothyroid,2,3163,25,2
knn5_std,knn,0.8120849933598938,0.8600510239742784,0.072,hypothyroid,2,3163,25,2
knn5_quant,knn,0.8438701335010834,0.8538477668274271,0.209,hypothyroid,2,3163,25,2
knn15_std,knn,0.8489026350737402,0.8747466275249877,0.053,hypothyroid,2,3163,25,2
knn15_quant,knn,0.8389948976025722,0.8371776053680017,0.118,hypothyroid,2,3163,25,2
knn31_std,knn,0.8809149367442511,0.8840427762633676,0.104,hypothyroid,2,3163,25,2
knn31_quant,knn,0.871007199273083,0.8330362759488363,0.118,hypothyroid,2,3163,25,2
svc_C0.1,svm,0.968319703641574,0.942930034248969,0.405,hypothyroid,2,3163,25,2
svc_C1,svm,0.9679876983294889,0.9440483679317817,0.227,hypothyroid,2,3163,25,2
svc_C10,svm,0.9684420213881316,0.9595652477808065,0.271,hypothyroid,2,3163,25,2
"mlp_(64,)_a0.0001",mlp,0.9775284825609841,0.9686167610260712,2.757,hypothyroid,2,3163,25,2
"mlp_(64,)_a0.01",mlp,0.9775284825609841,0.9684420213881317,2.577,hypothyroid,2,3163,25,2
"mlp_(128, 64)_a0.0001",mlp,0.9712728035227512,0.967044104284616,6.207,hypothyroid,2,3163,25,2
"mlp_(128, 64)_a0.01",mlp,0.9735444188159642,0.9678479066191376,6.069,hypothyroid,2,3163,25,2
gaussiannb,nb,0.8140420773048158,0.7942615502900677,0.021,hypothyroid,2,3163,25,2
dt_d3,tree,0.9260851331516041,0.9208254700496261,0.016,hypothyroid,2,3163,25,2
dt_d6,tree,0.9092227580904453,0.853271126022227,0.017,hypothyroid,2,3163,25,2
dt_dNone,tree,0.8734535542042358,0.8060040539596001,0.012,hypothyroid,2,3163,25,2
logreg_C0.01_std,linear,0.8200339558573855,0.8677455357142857,0.022,ionosphere,0,351,34,2
logreg_C0.01_quant,linear,0.8279569892473118,0.8208705357142857,0.085,ionosphere,0,351,34,2
logreg_C0.1_std,linear,0.8930390492359932,0.89453125,0.02,ionosphere,0,351,34,2
logreg_C0.1_quant,linear,0.8166383701188454,0.8359375,0.129,ionosphere,0,351,34,2
logreg_C1_std,linear,0.8885116015846066,0.875,0.015,ionosphere,0,351,34,2
logreg_C1_quant,linear,0.8092812676853423,0.7745535714285714,0.114,ionosphere,0,351,34,2
logreg_C10_std,linear,0.8811544991511037,0.8058035714285714,0.023,ionosphere,0,351,34,2
logreg_C10_quant,linear,0.7962648556876061,0.74609375,0.208,ionosphere,0,351,34,2
logreg_C100_std,linear,0.853423882286361,0.7924107142857142,0.048,ionosphere,0,351,34,2
logreg_C100_quant,linear,0.7911714770797962,0.7276785714285714,0.137,ionosphere,0,351,34,2
rf_dNone_fsqrt,rf,0.9731182795698925,0.9868861607142857,0.797,ionosphere,0,351,34,2
rf_dNone_f0.3,rf,0.9626485568760611,0.9891183035714286,0.712,ionosphere,0,351,34,2
rf_dNone_f0.7,rf,0.9533106960950763,0.9888392857142857,1.113,ionosphere,0,351,34,2
rf_d4_fsqrt,rf,0.9569892473118279,0.9871651785714286,0.71,ionosphere,0,351,34,2
rf_d4_f0.3,rf,0.9473684210526316,0.9877232142857143,0.792,ionosphere,0,351,34,2
rf_d4_f0.7,rf,0.9394453876627051,0.9854910714285715,0.931,ionosphere,0,351,34,2
rf_d8_fsqrt,rf,0.9711375212224108,0.9871651785714286,0.784,ionosphere,0,351,34,2
rf_d8_f0.3,rf,0.9603848330503679,0.9888392857142856,0.816,ionosphere,0,351,34,2
rf_d8_f0.7,rf,0.9524617996604414,0.9888392857142857,1.005,ionosphere,0,351,34,2
rf_d16_fsqrt,rf,0.9731182795698925,0.9868861607142857,0.746,ionosphere,0,351,34,2
rf_d16_f0.3,rf,0.9626485568760611,0.9891183035714286,0.799,ionosphere,0,351,34,2
rf_d16_f0.7,rf,0.9533106960950763,0.9888392857142857,1.033,ionosphere,0,351,34,2
et_dNone_fsqrt,et,0.9852857951329939,0.9827008928571428,0.588,ionosphere,0,351,34,2
et_dNone_f0.5,et,0.9810413129598189,0.9852120535714286,0.597,ionosphere,0,351,34,2
et_d8_fsqrt,et,0.9841539332201472,0.9854910714285714,0.572,ionosphere,0,351,34,2
et_d8_f0.5,et,0.9643463497453311,0.9860491071428571,0.638,ionosphere,0,351,34,2
hgb_lr0.03_ln15_l20.0,gbdt,0.9292586304470855,0.9743303571428572,0.217,ionosphere,0,351,34,2
hgb_lr0.03_ln15_l21.0,gbdt,0.9388794567062819,0.9760044642857144,0.192,ionosphere,0,351,34,2
hgb_lr0.03_ln31_l20.0,gbdt,0.9292586304470855,0.9743303571428572,0.202,ionosphere,0,351,34,2
hgb_lr0.03_ln31_l21.0,gbdt,0.9388794567062819,0.9760044642857144,0.305,ionosphere,0,351,34,2
hgb_lr0.03_ln63_l20.0,gbdt,0.9292586304470855,0.9743303571428572,0.192,ionosphere,0,351,34,2
hgb_lr0.03_ln63_l21.0,gbdt,0.9388794567062819,0.9760044642857144,0.309,ionosphere,0,351,34,2
hgb_lr0.1_ln15_l20.0,gbdt,0.9320882852292021,0.9709821428571428,0.091,ionosphere,0,351,34,2
hgb_lr0.1_ln15_l21.0,gbdt,0.9394453876627051,0.9799107142857143,0.104,ionosphere,0,351,34,2
hgb_lr0.1_ln31_l20.0,gbdt,0.9320882852292021,0.9709821428571428,0.076,ionosphere,0,351,34,2
hgb_lr0.1_ln31_l21.0,gbdt,0.9394453876627051,0.9799107142857143,0.086,ionosphere,0,351,34,2
hgb_lr0.1_ln63_l20.0,gbdt,0.9320882852292021,0.9709821428571428,0.091,ionosphere,0,351,34,2
hgb_lr0.1_ln63_l21.0,gbdt,0.9394453876627051,0.9799107142857143,0.108,ionosphere,0,351,34,2
hgb_lr0.3_ln15_l20.0,gbdt,0.9281267685342388,0.9693080357142858,0.054,ionosphere,0,351,34,2
hgb_lr0.3_ln15_l21.0,gbdt,0.933786078098472,0.9715401785714286,0.041,ionosphere,0,351,34,2
hgb_lr0.3_ln31_l20.0,gbdt,0.9281267685342388,0.9693080357142858,0.079,ionosphere,0,351,34,2
hgb_lr0.3_ln31_l21.0,gbdt,0.933786078098472,0.9715401785714286,0.055,ionosphere,0,351,34,2
hgb_lr0.3_ln63_l20.0,gbdt,0.9281267685342388,0.9693080357142858,0.038,ionosphere,0,351,34,2
hgb_lr0.3_ln63_l21.0,gbdt,0.933786078098472,0.9715401785714286,0.079,ionosphere,0,351,34,2
knn1_std,knn,0.8299377475947936,0.7611607142857143,0.011,ionosphere,0,351,34,2
knn1_quant,knn,0.7566496887379739,0.7165178571428572,0.095,ionosphere,0,351,34,2
knn5_std,knn,0.9261460101867572,0.8903459821428571,0.03,ionosphere,0,351,34,2
knn5_quant,knn,0.8582342954159592,0.8518415178571429,0.189,ionosphere,0,351,34,2
knn15_std,knn,0.8805885681946802,0.8797433035714286,0.009,ionosphere,0,351,34,2
knn15_quant,knn,0.8760611205432938,0.8130580357142857,0.091,ionosphere,0,351,34,2
knn31_std,knn,0.8047538200339559,0.8169642857142858,0.016,ionosphere,0,351,34,2
knn31_quant,knn,0.8084323712507074,0.7592075892857143,0.096,ionosphere,0,351,34,2
svc_C0.1,svm,0.9417091114883984,0.9832589285714286,0.041,ionosphere,0,351,34,2
svc_C1,svm,0.9717034521788342,0.9888392857142857,0.033,ionosphere,0,351,34,2
svc_C10,svm,0.9773627617430674,0.9916294642857143,0.028,ionosphere,0,351,34,2
"mlp_(64,)_a0.0001",mlp,0.9456706281833617,0.9135044642857143,0.309,ionosphere,0,351,34,2
"mlp_(64,)_a0.01",mlp,0.9456706281833617,0.9129464285714286,0.422,ionosphere,0,351,34,2
"mlp_(128, 64)_a0.0001",mlp,0.9541595925297114,0.91796875,0.772,ionosphere,0,351,34,2
"mlp_(128, 64)_a0.01",mlp,0.9530277306168647,0.91796875,0.594,ionosphere,0,351,34,2
gaussiannb,nb,0.9134125636672326,0.9525669642857143,0.014,ionosphere,0,351,34,2
dt_d3,tree,0.8760611205432937,0.9603794642857144,0.008,ionosphere,0,351,34,2
dt_d6,tree,0.865025466893039,0.9068080357142857,0.011,ionosphere,0,351,34,2
dt_dNone,tree,0.8432371250707413,0.9107142857142857,0.009,ionosphere,0,351,34,2
logreg_C0.01_std,linear,0.9045758928571429,0.9332201471420486,0.026,ionosphere,1,351,34,2
logreg_C0.01_quant,linear,0.8353794642857142,0.8341822297679683,0.094,ionosphere,1,351,34,2
logreg_C0.1_std,linear,0.9241071428571428,0.9513299377475948,0.032,ionosphere,1,351,34,2
logreg_C0.1_quant,linear,0.796875,0.7775891341256367,0.142,ionosphere,1,351,34,2
logreg_C1_std,linear,0.8683035714285714,0.9105829088851161,0.032,ionosphere,1,351,34,2
logreg_C1_quant,linear,0.7483258928571428,0.754951895868704,0.2,ionosphere,1,351,34,2
logreg_C10_std,linear,0.8504464285714286,0.8726655348047538,0.018,ionosphere,1,351,34,2
logreg_C10_quant,linear,0.716796875,0.7668364459535937,0.127,ionosphere,1,351,34,2
logreg_C100_std,linear,0.8482142857142857,0.8602150537634409,0.039,ionosphere,1,351,34,2
logreg_C100_quant,linear,0.7053571428571428,0.7713638936049803,0.172,ionosphere,1,351,34,2
rf_dNone_fsqrt,rf,0.9737723214285714,0.956140350877193,0.639,ionosphere,1,351,34,2
rf_dNone_f0.3,rf,0.9740513392857143,0.952744765138653,0.863,ionosphere,1,351,34,2
rf_dNone_f0.7,rf,0.9637276785714286,0.9394453876627051,1.162,ionosphere,1,351,34,2
rf_d4_fsqrt,rf,0.96875,0.9547255234861347,0.663,ionosphere,1,351,34,2
rf_d4_f0.3,rf,0.9654017857142857,0.9485002829654782,0.884,ionosphere,1,351,34,2
rf_d4_f0.7,rf,0.9620535714285714,0.94199207696661,0.985,ionosphere,1,351,34,2
rf_d8_fsqrt,rf,0.9737723214285714,0.9564233163554047,0.706,ionosphere,1,351,34,2
rf_d8_f0.3,rf,0.9718191964285714,0.9541595925297114,0.852,ionosphere,1,351,34,2
rf_d8_f0.7,rf,0.9634486607142857,0.9383135257498586,0.991,ionosphere,1,351,34,2
rf_d16_fsqrt,rf,0.9737723214285714,0.956140350877193,0.678,ionosphere,1,351,34,2
rf_d16_f0.3,rf,0.9740513392857143,0.952744765138653,0.874,ionosphere,1,351,34,2
rf_d16_f0.7,rf,0.9637276785714286,0.9394453876627051,1.226,ionosphere,1,351,34,2
et_dNone_fsqrt,et,0.9835379464285714,0.9753820033955858,0.484,ionosphere,1,351,34,2
et_dNone_f0.5,et,0.9709821428571428,0.954442558007923,0.514,ionosphere,1,351,34,2
et_d8_fsqrt,et,0.9793526785714286,0.9745331069609507,0.778,ionosphere,1,351,34,2
et_d8_f0.5,et,0.9743303571428571,0.9615166949632145,0.732,ionosphere,1,351,34,2
hgb_lr0.03_ln15_l20.0,gbdt,0.9497767857142857,0.9615166949632146,0.227,ionosphere,1,351,34,2
hgb_lr0.03_ln15_l21.0,gbdt,0.953125,0.9700056593095642,0.283,ionosphere,1,351,34,2
hgb_lr0.03_ln31_l20.0,gbdt,0.9497767857142857,0.9615166949632146,0.274,ionosphere,1,351,34,2
hgb_lr0.03_ln31_l21.0,gbdt,0.953125,0.9700056593095642,0.315,ionosphere,1,351,34,2
hgb_lr0.03_ln63_l20.0,gbdt,0.9497767857142857,0.9615166949632146,0.221,ionosphere,1,351,34,2
hgb_lr0.03_ln63_l21.0,gbdt,0.953125,0.9700056593095642,0.379,ionosphere,1,351,34,2
hgb_lr0.1_ln15_l20.0,gbdt,0.9469866071428572,0.9575551782682512,0.161,ionosphere,1,351,34,2
hgb_lr0.1_ln15_l21.0,gbdt,0.953125,0.9660441426146009,0.154,ionosphere,1,351,34,2
hgb_lr0.1_ln31_l20.0,gbdt,0.9469866071428572,0.9575551782682512,0.206,ionosphere,1,351,34,2
hgb_lr0.1_ln31_l21.0,gbdt,0.953125,0.9660441426146009,0.185,ionosphere,1,351,34,2
hgb_lr0.1_ln63_l20.0,gbdt,0.9469866071428572,0.9575551782682512,0.199,ionosphere,1,351,34,2
hgb_lr0.1_ln63_l21.0,gbdt,0.953125,0.9660441426146009,0.165,ionosphere,1,351,34,2
hgb_lr0.3_ln15_l20.0,gbdt,0.9620535714285714,0.9507640067911713,0.067,ionosphere,1,351,34,2
hgb_lr0.3_ln15_l21.0,gbdt,0.9598214285714286,0.9643463497453311,0.093,ionosphere,1,351,34,2
hgb_lr0.3_ln31_l20.0,gbdt,0.9620535714285714,0.9507640067911713,0.098,ionosphere,1,351,34,2
hgb_lr0.3_ln31_l21.0,gbdt,0.9598214285714286,0.9643463497453311,0.082,ionosphere,1,351,34,2
hgb_lr0.3_ln63_l20.0,gbdt,0.9620535714285714,0.9507640067911713,0.113,ionosphere,1,351,34,2
hgb_lr0.3_ln63_l21.0,gbdt,0.9598214285714286,0.9643463497453311,0.132,ionosphere,1,351,34,2
knn1_std,knn,0.796875,0.7580645161290323,0.015,ionosphere,1,351,34,2
knn1_quant,knn,0.7410714285714286,0.7815506508205998,0.105,ionosphere,1,351,34,2
knn5_std,knn,0.9227120535714286,0.8548387096774194,0.042,ionosphere,1,351,34,2
knn5_quant,knn,0.8777901785714286,0.8551216751556311,0.156,ionosphere,1,351,34,2
knn15_std,knn,0.9327566964285714,0.8837011884550084,0.009,ionosphere,1,351,34,2
knn15_quant,knn,0.8942522321428572,0.9086021505376344,0.072,ionosphere,1,351,34,2
knn31_std,knn,0.8939732142857143,0.812110922467459,0.016,ionosphere,1,351,34,2
knn31_quant,knn,0.8688616071428572,0.8455008488964345,0.155,ionosphere,1,351,34,2
svc_C0.1,svm,0.9715401785714286,0.9501980758347481,0.036,ionosphere,1,351,34,2
svc_C1,svm,0.9793526785714286,0.9649122807017544,0.024,ionosphere,1,351,34,2
svc_C10,svm,0.9676339285714286,0.9501980758347481,0.038,ionosphere,1,351,34,2
"mlp_(64,)_a0.0001",mlp,0.93359375,0.9054895302773063,0.434,ionosphere,1,351,34,2
"mlp_(64,)_a0.01",mlp,0.9330357142857143,0.9054895302773063,0.318,ionosphere,1,351,34,2
"mlp_(128, 64)_a0.0001",mlp,0.9670758928571428,0.9252971137521222,0.481,ionosphere,1,351,34,2
"mlp_(128, 64)_a0.01",mlp,0.9670758928571428,0.9252971137521222,0.45,ionosphere,1,351,34,2
gaussiannb,nb,0.9469866071428572,0.8975664968873798,0.008,ionosphere,1,351,34,2
dt_d3,tree,0.9347098214285714,0.9009620826259197,0.018,ionosphere,1,351,34,2
dt_d6,tree,0.8822544642857143,0.8514431239388793,0.015,ionosphere,1,351,34,2
dt_dNone,tree,0.8950892857142857,0.8681380871533672,0.02,ionosphere,1,351,34,2
logreg_C0.01_std,linear,0.9020939445387662,0.8722098214285714,0.023,ionosphere,2,351,34,2
logreg_C0.01_quant,linear,0.9015280135823429,0.7818080357142858,0.132,ionosphere,2,351,34,2
logreg_C0.1_std,linear,0.9315223542727789,0.9006696428571428,0.02,ionosphere,2,351,34,2
logreg_C0.1_quant,linear,0.9003961516694964,0.7784598214285714,0.136,ionosphere,2,351,34,2
logreg_C1_std,linear,0.9434069043576683,0.8900669642857144,0.018,ionosphere,2,351,34,2
logreg_C1_quant,linear,0.8828522920203735,0.75390625,0.153,ionosphere,2,351,34,2
logreg_C10_std,linear,0.9422750424448217,0.8498883928571428,0.023,ionosphere,2,351,34,2
logreg_C10_quant,linear,0.8664402942840973,0.7081473214285714,0.181,ionosphere,2,351,34,2
logreg_C100_std,linear,0.9541595925297114,0.8169642857142857,0.035,ionosphere,2,351,34,2
logreg_C100_quant,linear,0.8675721561969439,0.7120535714285714,0.223,ionosphere,2,351,34,2
rf_dNone_fsqrt,rf,0.9926428975664968,0.9709821428571428,0.77,ionosphere,2,351,34,2
rf_dNone_f0.3,rf,0.9929258630447085,0.9642857142857144,0.857,ionosphere,2,351,34,2
rf_dNone_f0.7,rf,0.9937747594793436,0.9737723214285714,0.961,ionosphere,2,351,34,2
rf_d4_fsqrt,rf,0.9937747594793435,0.9503348214285714,0.763,ionosphere,2,351,34,2
rf_d4_f0.3,rf,0.9926428975664968,0.9581473214285714,0.764,ionosphere,2,351,34,2
rf_d4_f0.7,rf,0.9943406904357668,0.9598214285714286,0.898,ionosphere,2,351,34,2
rf_d8_fsqrt,rf,0.9932088285229201,0.9681919642857143,0.729,ionosphere,2,351,34,2
rf_d8_f0.3,rf,0.9926428975664968,0.9642857142857143,0.817,ionosphere,2,351,34,2
rf_d8_f0.7,rf,0.9937747594793436,0.97265625,1.08,ionosphere,2,351,34,2
rf_d16_fsqrt,rf,0.9926428975664968,0.9709821428571428,0.753,ionosphere,2,351,34,2
rf_d16_f0.3,rf,0.9929258630447085,0.9642857142857144,0.89,ionosphere,2,351,34,2
rf_d16_f0.7,rf,0.9937747594793436,0.9737723214285714,1.009,ionosphere,2,351,34,2
et_dNone_fsqrt,et,0.9864176570458404,0.984375,0.553,ionosphere,2,351,34,2
et_dNone_f0.5,et,0.9886813808715337,0.9790736607142857,0.675,ionosphere,2,351,34,2
et_d8_fsqrt,et,0.9858517260894171,0.9754464285714286,0.577,ionosphere,2,351,34,2
et_d8_f0.5,et,0.9858517260894171,0.98046875,0.509,ionosphere,2,351,34,2
hgb_lr0.03_ln15_l20.0,gbdt,0.9864176570458404,0.9447544642857143,0.283,ionosphere,2,351,34,2
hgb_lr0.03_ln15_l21.0,gbdt,0.987549518958687,0.9408482142857142,0.363,ionosphere,2,351,34,2
hgb_lr0.03_ln31_l20.0,gbdt,0.9864176570458404,0.9447544642857143,0.251,ionosphere,2,351,34,2
hgb_lr0.03_ln31_l21.0,gbdt,0.987549518958687,0.9408482142857142,0.3,ionosphere,2,351,34,2
hgb_lr0.03_ln63_l20.0,gbdt,0.9864176570458404,0.9447544642857143,0.24,ionosphere,2,351,34,2
hgb_lr0.03_ln63_l21.0,gbdt,0.987549518958687,0.9408482142857142,0.371,ionosphere,2,351,34,2
hgb_lr0.1_ln15_l20.0,gbdt,0.9830220713073005,0.9475446428571428,0.099,ionosphere,2,351,34,2
hgb_lr0.1_ln15_l21.0,gbdt,0.9869835880022637,0.9419642857142857,0.146,ionosphere,2,351,34,2
hgb_lr0.1_ln31_l20.0,gbdt,0.9830220713073005,0.9475446428571428,0.124,ionosphere,2,351,34,2
hgb_lr0.1_ln31_l21.0,gbdt,0.9869835880022637,0.9419642857142857,0.111,ionosphere,2,351,34,2
hgb_lr0.1_ln63_l20.0,gbdt,0.9830220713073005,0.9475446428571428,0.118,ionosphere,2,351,34,2
hgb_lr0.1_ln63_l21.0,gbdt,0.9869835880022637,0.9419642857142857,0.1,ionosphere,2,351,34,2
hgb_lr0.3_ln15_l20.0,gbdt,0.9813242784380306,0.9363839285714286,0.061,ionosphere,2,351,34,2
hgb_lr0.3_ln15_l21.0,gbdt,0.9818902093944539,0.9308035714285714,0.118,ionosphere,2,351,34,2
hgb_lr0.3_ln31_l20.0,gbdt,0.9813242784380306,0.9363839285714286,0.047,ionosphere,2,351,34,2
hgb_lr0.3_ln31_l21.0,gbdt,0.9818902093944539,0.9308035714285714,0.106,ionosphere,2,351,34,2
hgb_lr0.3_ln63_l20.0,gbdt,0.9813242784380306,0.9363839285714286,0.06,ionosphere,2,351,34,2
hgb_lr0.3_ln63_l21.0,gbdt,0.9818902093944539,0.9308035714285714,0.131,ionosphere,2,351,34,2
knn1_std,knn,0.8372948500282966,0.7388392857142857,0.009,ionosphere,2,351,34,2
knn1_quant,knn,0.7962648556876061,0.703125,0.095,ionosphere,2,351,34,2
knn5_std,knn,0.912280701754386,0.8596540178571428,0.009,ionosphere,2,351,34,2
knn5_quant,knn,0.8174872665534804,0.8074776785714286,0.07,ionosphere,2,351,34,2
knn15_std,knn,0.886530843237125,0.8900669642857143,0.015,ionosphere,2,351,34,2
knn15_quant,knn,0.8313525749858517,0.8155691964285714,0.138,ionosphere,2,351,34,2
knn31_std,knn,0.8653084323712508,0.853515625,0.012,ionosphere,2,351,34,2
knn31_quant,knn,0.7532541029994341,0.6978236607142858,0.097,ionosphere,2,351,34,2
svc_C0.1,svm,0.9838709677419355,0.9503348214285714,0.044,ionosphere,2,351,34,2
svc_C1,svm,0.9960384833050367,0.9676339285714286,0.036,ionosphere,2,351,34,2
svc_C10,svm,0.9954725523486134,0.9614955357142857,0.025,ionosphere,2,351,34,2
"mlp_(64,)_a0.0001",mlp,0.9824561403508771,0.9514508928571429,0.283,ionosphere,2,351,34,2
"mlp_(64,)_a0.01",mlp,0.9830220713073005,0.9514508928571429,0.452,ionosphere,2,351,34,2
"mlp_(128, 64)_a0.0001",mlp,0.9762308998302207,0.9609375,0.507,ionosphere,2,351,34,2
"mlp_(128, 64)_a0.01",mlp,0.9750990379173741,0.9609375,0.492,ionosphere,2,351,34,2
gaussiannb,nb,0.9535936615732882,0.9274553571428572,0.013,ionosphere,2,351,34,2
dt_d3,tree,0.9465195246179967,0.8928571428571428,0.013,ionosphere,2,351,34,2
dt_d6,tree,0.932937181663837,0.88671875,0.013,ionosphere,2,351,34,2
dt_dNone,tree,0.9340690435766836,0.9263392857142857,0.009,ionosphere,2,351,34,2
logreg_C0.01_std,linear,0.8548119531232428,0.8253523267498122,0.016,magic,0,5000,10,2
logreg_C0.01_quant,linear,0.8691010414557888,0.8363464412676163,0.148,magic,0,5000,10,2
logreg_C0.1_std,linear,0.855079065164091,0.8260025163180694,0.015,magic,0,5000,10,2
logreg_C0.1_quant,linear,0.8724750882875587,0.8412045676520838,0.045,magic,0,5000,10,2
logreg_C1_std,linear,0.8541512022853545,0.8253720294640018,0.017,magic,0,5000,10,2
logreg_C1_quant,linear,0.8724160424680028,0.8416633594253562,0.059,magic,0,5000,10,2
logreg_C10_std,linear,0.8539515711811413,0.8253382533825337,0.043,magic,0,5000,10,2
logreg_C10_quant,linear,0.8722951391231978,0.8417168382210138,0.162,magic,0,5000,10,2
logreg_C100_std,linear,0.8539487594754481,0.8253213653417998,0.018,magic,0,5000,10,2
logreg_C100_quant,linear,0.8722838923004251,0.8417055795271913,0.065,magic,0,5000,10,2
rf_dNone_fsqrt,rf,0.9261913197021842,0.9132447274129492,3.135,magic,0,5000,10,2
rf_dNone_f0.3,rf,0.9261913197021842,0.9132447274129492,3.266,magic,0,5000,10,2
rf_dNone_f0.7,rf,0.923161706817824,0.9123369952234992,5.791,magic,0,5000,10,2
rf_d4_fsqrt,rf,0.9061199586116923,0.8778023592592905,1.52,magic,0,5000,10,2
rf_d4_f0.3,rf,0.9061199586116923,0.8778023592592905,1.694,magic,0,5000,10,2
rf_d4_f0.7,rf,0.9057460017545044,0.8800878741052858,3.169,magic,0,5000,10,2
rf_d8_fsqrt,rf,0.9267663135164316,0.9043236198952378,2.246,magic,0,5000,10,2
rf_d8_f0.3,rf,0.9267663135164316,0.9043236198952378,2.131,magic,0,5000,10,2
rf_d8_f0.7,rf,0.925543221539915,0.9073437645131601,4.268,magic,0,5000,10,2
rf_d16_fsqrt,rf,0.9288441640236633,0.9156597172379046,3.081,magic,0,5000,10,2
rf_d16_f0.3,rf,0.9288441640236633,0.9156597172379046,3.258,magic,0,5000,10,2
rf_d16_f0.7,rf,0.9249485457858154,0.9132925768616954,5.703,magic,0,5000,10,2
et_dNone_fsqrt,et,0.9227258924353872,0.9163197581632566,1.628,magic,0,5000,10,2
et_dNone_f0.5,et,0.9245380367546168,0.9125804644774137,1.731,magic,0,5000,10,2
et_d8_fsqrt,et,0.9114593877229684,0.8889442441335169,0.761,magic,0,5000,10,2
et_d8_f0.5,et,0.9119233191623366,0.8918996512619588,0.911,magic,0,5000,10,2
hgb_lr0.03_ln15_l20.0,gbdt,0.9203050138335919,0.9064444763440769,0.557,magic,0,5000,10,2
hgb_lr0.03_ln15_l21.0,gbdt,0.9191255032953191,0.902316757721353,0.472,magic,0,5000,10,2
hgb_lr0.03_ln31_l20.0,gbdt,0.9196723800526351,0.9078898111635578,0.718,magic,0,5000,10,2
hgb_lr0.03_ln31_l21.0,gbdt,0.9210543334008142,0.9072959150644138,0.676,magic,0,5000,10,2
hgb_lr0.03_ln63_l20.0,gbdt,0.9186067435949345,0.9040702992842286,0.898,magic,0,5000,10,2
hgb_lr0.03_ln63_l21.0,gbdt,0.9190144409204399,0.9060968641723031,0.836,magic,0,5000,10,2
hgb_lr0.1_ln15_l20.0,gbdt,0.9209334300560093,0.9065401752415694,0.27,magic,0,5000,10,2
hgb_lr0.1_ln15_l21.0,gbdt,0.9233978900960479,0.9064064782524255,0.238,magic,0,5000,10,2
hgb_lr0.1_ln31_l20.0,gbdt,0.9185912792136223,0.9075267182877779,0.149,magic,0,5000,10,2
hgb_lr0.1_ln31_l21.0,gbdt,0.921497177047484,0.9116783616348749,0.336,magic,0,5000,10,2
hgb_lr0.1_ln63_l20.0,gbdt,0.9181793643295769,0.9046444926691829,0.392,magic,0,5000,10,2
hgb_lr0.1_ln63_l21.0,gbdt,0.9240670760510155,0.9071523667181752,0.408,magic,0,5000,10,2
hgb_lr0.3_ln15_l20.0,gbdt,0.9178461772049397,0.9048978132801924,0.111,magic,0,5000,10,2
hgb_lr0.3_ln15_l21.0,gbdt,0.920393582562926,0.9039323802849013,0.131,magic,0,5000,10,2
hgb_lr0.3_ln31_l20.0,gbdt,0.913379782711384,0.9085934795274726,0.166,magic,0,5000,10,2
hgb_lr0.3_ln31_l21.0,gbdt,0.9219765728681648,0.9095898739307758,0.179,magic,0,5000,10,2
hgb_lr0.3_ln63_l20.0,gbdt,0.9133052725105157,0.9060433853766455,0.224,magic,0,5000,10,2
hgb_lr0.3_ln63_l21.0,gbdt,0.9210360573138088,0.904298287834137,0.204,magic,0,5000,10,2
knn1_std,knn,0.7634062127448996,0.7546463222069292,0.111,magic,0,5000,10,2
knn1_quant,knn,0.7609431585577074,0.7718805677759294,0.161,magic,0,5000,10,2
knn5_std,knn,0.8579723103223339,0.8611268263712386,0.15,magic,0,5000,10,2
knn5_quant,knn,0.8563527678430843,0.8699142368998061,0.198,magic,0,5000,10,2
knn15_std,knn,0.877777965224824,0.8681930640816704,0.192,magic,0,5000,10,2
knn15_quant,knn,0.8922160739591066,0.8769481058654981,0.243,magic,0,5000,10,2
knn31_std,knn,0.8797728704141079,0.8715171934328039,0.281,magic,0,5000,10,2
knn31_quant,knn,0.8972110691229728,0.8774871158322567,0.212,magic,0,5000,10,2
svc_C0.1,svm,0.895339878984187,0.8803608974304845,1.632,magic,0,5000,10,2
svc_C1,svm,0.9103515756798705,0.8915478170800013,1.396,magic,0,5000,10,2
svc_C10,svm,0.9064179994151653,0.8885023404009784,1.381,magic,0,5000,10,2
"mlp_(64,)_a0.0001",mlp,0.9216068335695167,0.9067695711282056,4.308,magic,0,5000,10,2
"mlp_(64,)_a0.01",mlp,0.9217811593224915,0.9069609689231904,3.515,magic,0,5000,10,2
"mlp_(128, 64)_a0.0001",mlp,0.8999089007355422,0.8935040151316845,9.754,magic,0,5000,10,2
"mlp_(128, 64)_a0.01",mlp,0.8956126144364218,0.8923781457494209,9.437,magic,0,5000,10,2
gaussiannb,nb,0.77264266594687,0.7450623590904102,0.031,magic,0,5000,10,2
dt_d3,tree,0.841504150077603,0.8239449900219826,0.04,magic,0,5000,10,2
dt_d6,tree,0.8385181186314867,0.833723165606942,0.052,magic,0,5000,10,2
dt_dNone,tree,0.7641456913421959,0.7613677624190429,0.062,magic,0,5000,10,2
logreg_C0.01_std,linear,0.8315928875092785,0.8258991834806666,0.041,magic,1,5000,10,2
logreg_C0.01_quant,linear,0.8483253480891648,0.8431883617877951,0.112,magic,1,5000,10,2
logreg_C0.1_std,linear,0.8339519085858245,0.8278617540544795,0.035,magic,1,5000,10,2
logreg_C0.1_quant,linear,0.852317970173426,0.8492728929077535,0.104,magic,1,5000,10,2
logreg_C1_std,linear,0.8342358908608318,0.8276564995388803,0.036,magic,1,5000,10,2
logreg_C1_quant,linear,0.8521099039521334,0.84961873270801,0.101,magic,1,5000,10,2
logreg_C10_std,linear,0.8342921249746947,0.8275580898396203,0.034,magic,1,5000,10,2
logreg_C10_quant,linear,0.8520480464268844,0.8495962390624648,0.095,magic,1,5000,10,2
logreg_C100_std,linear,0.8343089952088535,0.8275412196054615,0.038,magic,1,5000,10,2
logreg_C100_quant,linear,0.8520452347211912,0.8495849922396923,0.087,magic,1,5000,10,2
rf_dNone_fsqrt,rf,0.9157191218480779,0.9241907911015139,3.143,magic,1,5000,10,2
rf_dNone_f0.3,rf,0.9157191218480779,0.9241907911015139,2.803,magic,1,5000,10,2
rf_dNone_f0.7,rf,0.9107002271858201,0.9226317002946667,5.708,magic,1,5000,10,2
rf_d4_fsqrt,rf,0.8756101401354117,0.8809594102166138,1.735,magic,1,5000,10,2
rf_d4_f0.3,rf,0.8756101401354117,0.8809594102166138,1.427,magic,1,5000,10,2
rf_d4_f0.7,rf,0.8769822525136649,0.883622095508019,2.482,magic,1,5000,10,2
rf_d8_fsqrt,rf,0.9016577816766763,0.909668331196437,2.563,magic,1,5000,10,2
rf_d8_f0.3,rf,0.9016577816766763,0.909668331196437,2.514,magic,1,5000,10,2
rf_d8_f0.7,rf,0.9031268979013428,0.9169422138245946,4.46,magic,1,5000,10,2
rf_d16_fsqrt,rf,0.9147898531164946,0.9244354094968171,3.485,magic,1,5000,10,2
rf_d16_f0.3,rf,0.9147898531164946,0.9244354094968171,3.12,magic,1,5000,10,2
rf_d16_f0.7,rf,0.9107648964167621,0.9228931889241289,16.918,magic,1,5000,10,2
et_dNone_fsqrt,et,0.9127977596329038,0.916891603122118,3.486,magic,1,5000,10,2
et_dNone_f0.5,et,0.9142471939177182,0.9171404390759611,6.68,magic,1,5000,10,2
et_d8_fsqrt,et,0.884346109724003,0.8889432485322896,5.72,magic,1,5000,10,2
et_d8_f0.5,et,0.8857997615673572,0.8904278291382685,3.244,magic,1,5000,10,2
hgb_lr0.03_ln15_l20.0,gbdt,0.9055548057673707,0.9182918325573024,2.158,magic,1,5000,10,2
hgb_lr0.03_ln15_l21.0,gbdt,0.9039858739905976,0.9190622399172232,2.156,magic,1,5000,10,2
hgb_lr0.03_ln31_l20.0,gbdt,0.9058148885439863,0.9208954720291516,2.342,magic,1,5000,10,2
hgb_lr0.03_ln31_l21.0,gbdt,0.9030102121150774,0.9206621004566209,2.223,magic,1,5000,10,2
hgb_lr0.03_ln63_l20.0,gbdt,0.9036330049261083,0.9165345164990891,2.708,magic,1,5000,10,2
hgb_lr0.03_ln63_l21.0,gbdt,0.901851789369503,0.9177801021211508,2.033,magic,1,5000,10,2
hgb_lr0.1_ln15_l20.0,gbdt,0.9031226803428032,0.9196583215241694,0.595,magic,1,5000,10,2
hgb_lr0.1_ln15_l21.0,gbdt,0.9068060148008188,0.9203415660076031,0.667,magic,1,5000,10,2
hgb_lr0.1_ln31_l20.0,gbdt,0.9057361607845784,0.9184436646647322,0.492,magic,1,5000,10,2
hgb_lr0.1_ln31_l21.0,gbdt,0.9059878084441146,0.9194952425939673,0.574,magic,1,5000,10,2
hgb_lr0.1_ln63_l20.0,gbdt,0.9032281193062959,0.914886856962908,0.574,magic,1,5000,10,2
hgb_lr0.1_ln63_l21.0,gbdt,0.9064306520907842,0.9200941359066065,0.797,magic,1,5000,10,2
hgb_lr0.3_ln15_l20.0,gbdt,0.9036006703106373,0.9121046741795443,0.182,magic,1,5000,10,2
hgb_lr0.3_ln15_l21.0,gbdt,0.9072376116247161,0.9199647974447218,0.228,magic,1,5000,10,2
hgb_lr0.3_ln31_l20.0,gbdt,0.9063617653013024,0.9161015138223453,0.269,magic,1,5000,10,2
hgb_lr0.3_ln31_l21.0,gbdt,0.9021076545875789,0.9169084733562769,0.285,magic,1,5000,10,2
hgb_lr0.3_ln63_l20.0,gbdt,0.9066682412218549,0.9057263198146523,0.455,magic,1,5000,10,2
hgb_lr0.3_ln63_l21.0,gbdt,0.9013063184650337,0.9156741345569877,0.546,magic,1,5000,10,2
knn1_std,knn,0.7619328789616933,0.7433840565040376,0.272,magic,1,5000,10,2
knn1_quant,knn,0.7583282722630856,0.7447955327619947,0.362,magic,1,5000,10,2
knn5_std,knn,0.8544323728546686,0.8455319184830284,0.269,magic,1,5000,10,2
knn5_quant,knn,0.8665522302449558,0.8504903614728839,0.307,magic,1,5000,10,2
knn15_std,knn,0.8710270598555908,0.8609836471196887,0.362,magic,1,5000,10,2
knn15_quant,knn,0.8861357603976877,0.8800765346289674,0.222,magic,1,5000,10,2
knn31_std,knn,0.8793454911487504,0.861038475380705,0.543,magic,1,5000,10,2
knn31_quant,knn,0.88463430955755,0.8881531592325168,0.474,magic,1,5000,10,2
svc_C0.1,svm,0.875999561373912,0.8753880153856536,3.947,magic,1,5000,10,2
svc_C1,svm,0.8951374361742808,0.8998428256517534,2.474,magic,1,5000,10,2
svc_C10,svm,0.8988067121038306,0.905717884697573,2.293,magic,1,5000,10,2
"mlp_(64,)_a0.0001",mlp,0.9073964729963785,0.9161071372337314,4.135,magic,1,5000,10,2
"mlp_(64,)_a0.01",mlp,0.9072193355377105,0.916236475695616,4.051,magic,1,5000,10,2
"mlp_(128, 64)_a0.0001",mlp,0.9030059945565378,0.9011516746519108,10.62,magic,1,5000,10,2
"mlp_(128, 64)_a0.01",mlp,0.9028864970645792,0.907067503430281,10.427,magic,1,5000,10,2
gaussiannb,nb,0.7588357851406977,0.7419486807476887,0.027,magic,1,5000,10,2
dt_d3,tree,0.8314059090806847,0.8288374159299997,0.038,magic,1,5000,10,2
dt_d6,tree,0.847446690060058,0.8566775198506421,0.052,magic,1,5000,10,2
dt_dNone,tree,0.7770008097712396,0.7778864970645794,0.081,magic,1,5000,10,2
logreg_C0.01_std,linear,0.8304091594124658,0.842268514218323,0.028,magic,2,5000,10,2
logreg_C0.01_quant,linear,0.8444114537643115,0.8580503882842032,0.101,magic,2,5000,10,2
logreg_C0.1_std,linear,0.8323998470432102,0.8449706007357557,0.031,magic,2,5000,10,2
logreg_C0.1_quant,linear,0.8497902467552916,0.863409526543778,0.103,magic,2,5000,10,2
logreg_C1_std,linear,0.8322255212902355,0.844463959513737,0.017,magic,2,5000,10,2
logreg_C1_quant,linear,0.8497115189958836,0.8637782487664695,0.09,magic,2,5000,10,2
logreg_C10_std,linear,0.8320455721258744,0.8443457432285993,0.036,magic,2,5000,10,2
logreg_C10_quant,linear,0.8496159210023169,0.8636684765016986,0.126,magic,2,5000,10,2
logreg_C100_std,linear,0.8320287018917156,0.8443007084533087,0.021,magic,2,5000,10,2
logreg_C100_quant,linear,0.8496074858852374,0.863665661828243,0.147,magic,2,5000,10,2
rf_dNone_fsqrt,rf,0.9090174213284746,0.9323253987688618,3.633,magic,2,5000,10,2
rf_dNone_f0.3,rf,0.9090174213284746,0.9323253987688618,3.438,magic,2,5000,10,2
rf_dNone_f0.7,rf,0.9029722540882201,0.9286001784502971,5.732,magic,2,5000,10,2
rf_d4_fsqrt,rf,0.8839946465123601,0.896297578536426,1.442,magic,2,5000,10,2
rf_d4_f0.3,rf,0.8839946465123601,0.896297578536426,1.408,magic,2,5000,10,2
rf_d4_f0.7,rf,0.8760389252536158,0.8919334273434267,2.484,magic,2,5000,10,2
rf_d8_fsqrt,rf,0.9050655689767639,0.9241304770027107,2.835,magic,2,5000,10,2
rf_d8_f0.3,rf,0.9050655689767639,0.9241304770027107,2.404,magic,2,5000,10,2
rf_d8_f0.7,rf,0.903794678003464,0.9244203883686434,4.057,magic,2,5000,10,2
rf_d16_fsqrt,rf,0.909631779022426,0.9334470461409421,2.774,magic,2,5000,10,2
rf_d16_f0.3,rf,0.909631779022426,0.9334470461409421,3.181,magic,2,5000,10,2
rf_d16_f0.7,rf,0.9032295251591426,0.9287915762452819,6.25,magic,2,5000,10,2
et_dNone_fsqrt,et,0.907427401759003,0.9323366574626846,1.386,magic,2,5000,10,2
et_dNone_f0.5,et,0.9071673189823874,0.9315752882929287,1.645,magic,2,5000,10,2
et_d8_fsqrt,et,0.888932001709517,0.9041462954675313,0.733,magic,2,5000,10,2
et_d8_f0.5,et,0.8876358053849787,0.9065809880066764,0.827,magic,2,5000,10,2
hgb_lr0.03_ln15_l20.0,gbdt,0.9074217783476168,0.9272069150897458,0.884,magic,2,5000,10,2
hgb_lr0.03_ln15_l21.0,gbdt,0.9096992599590616,0.9283468578392877,0.803,magic,2,5000,10,2
hgb_lr0.03_ln31_l20.0,gbdt,0.9032070315135974,0.9245104579192245,0.983,magic,2,5000,10,2
hgb_lr0.03_ln31_l21.0,gbdt,0.9041573880378794,0.9266664977862594,1.17,magic,2,5000,10,2
hgb_lr0.03_ln63_l20.0,gbdt,0.8970690779854692,0.9220166572375106,1.17,magic,2,5000,10,2
hgb_lr0.03_ln63_l21.0,gbdt,0.896509548552534,0.927322316701428,1.511,magic,2,5000,10,2
hgb_lr0.1_ln15_l20.0,gbdt,0.9098370335380254,0.925580033832375,0.341,magic,2,5000,10,2
hgb_lr0.1_ln15_l21.0,gbdt,0.9078941449040647,0.9249157708968394,0.343,magic,2,5000,10,2
hgb_lr0.1_ln31_l20.0,gbdt,0.903097374991565,0.9226724761526792,0.476,magic,2,5000,10,2
hgb_lr0.1_ln31_l21.0,gbdt,0.9045200980722945,0.9240432221255851,0.518,magic,2,5000,10,2
hgb_lr0.1_ln63_l20.0,gbdt,0.8963914569134221,0.921625417627174,0.512,magic,2,5000,10,2
hgb_lr0.1_ln63_l21.0,gbdt,0.8987701599298198,0.9234746580875419,0.444,magic,2,5000,10,2
hgb_lr0.3_ln15_l20.0,gbdt,0.9020036214769327,0.921343950281608,0.209,magic,2,5000,10,2
hgb_lr0.3_ln15_l21.0,gbdt,0.902028926828171,0.9217520779326787,0.215,magic,2,5000,10,2
hgb_lr0.3_ln31_l20.0,gbdt,0.8987420428728884,0.9178227937885787,0.131,magic,2,5000,10,2
hgb_lr0.3_ln31_l21.0,gbdt,0.8996249184605348,0.9206796873460725,0.136,magic,2,5000,10,2
hgb_lr0.3_ln63_l20.0,gbdt,0.8922582495445036,0.919049991415246,0.28,magic,2,5000,10,2
hgb_lr0.3_ln63_l21.0,gbdt,0.8990682007332929,0.9185489795401387,0.214,magic,2,5000,10,2
knn1_std,knn,0.7368046651820861,0.7349379786704044,0.115,magic,2,5000,10,2
knn1_quant,knn,0.7616629552151517,0.7713514091662657,0.103,magic,2,5000,10,2
knn5_std,knn,0.8520564815439639,0.8507336446362176,0.16,magic,2,5000,10,2
knn5_quant,knn,0.8513633960906044,0.8696595089520689,0.145,magic,2,5000,10,2
knn15_std,knn,0.8729179319342285,0.8817471241073966,0.213,magic,2,5000,10,2
knn15_quant,knn,0.8791838180713948,0.9058449508980215,0.196,magic,2,5000,10,2
knn31_std,knn,0.87255662775266,0.888985056898624,0.176,magic,2,5000,10,2
knn31_quant,knn,0.8855931011989112,0.907773002215148,0.301,magic,2,5000,10,2
svc_C0.1,svm,0.879176788807162,0.8916350719571268,1.429,magic,2,5000,10,2
svc_C1,svm,0.8976117371842455,0.9170909786901073,1.632,magic,2,5000,10,2
svc_C10,svm,0.9024478709764492,0.914269268550809,1.66,magic,2,5000,10,2
"mlp_(64,)_a0.0001",mlp,0.9119430011021886,0.9272660232323147,4.06,magic,2,5000,10,2
"mlp_(64,)_a0.01",mlp,0.9121791843804126,0.9273110580076053,4.175,magic,2,5000,10,2
"mlp_(128, 64)_a0.0001",mlp,0.9017336977303911,0.922517669112618,9.679,magic,2,5000,10,2
"mlp_(128, 64)_a0.01",mlp,0.9007692826776437,0.9240460367990408,9.094,magic,2,5000,10,2
gaussiannb,nb,0.750773219065614,0.7640332581815521,0.025,magic,2,5000,10,2
dt_d3,tree,0.8193535326270329,0.8275590307390488,0.04,magic,2,5000,10,2
dt_d6,tree,0.8365386778235148,0.8350671721820194,0.056,magic,2,5000,10,2
dt_dNone,tree,0.7690999167735115,0.7812478010363627,0.086,magic,2,5000,10,2
logreg_C0.01_std,linear,0.9791013262816965,0.9764187327823691,0.053,mushroom,0,5000,22,2
logreg_C0.01_quant,linear,0.978183998524076,0.9752142994426293,0.15,mushroom,0,5000,22,2
logreg_C0.1_std,linear,0.9800340282475452,0.9769491959766801,0.046,mushroom,0,5000,22,2
logreg_C0.1_quant,linear,0.9792653178361315,0.9771849573963739,0.206,mushroom,0,5000,22,2
logreg_C1_std,linear,0.9808078633950352,0.9768876929976296,0.039,mushroom,0,5000,22,2
logreg_C1_quant,linear,0.980192895065904,0.9780075597411749,0.151,mushroom,0,5000,22,2
logreg_C10_std,linear,0.9825144005083739,0.978202319174835,0.041,mushroom,0,5000,22,2
logreg_C10_quant,linear,0.9805541889592686,0.9781203152027675,0.208,mushroom,0,5000,22,2
logreg_C100_std,linear,0.9829013180821188,0.9786302774040618,0.04,mushroom,0,5000,22,2
logreg_C100_quant,linear,0.9807130557776274,0.978274072650394,0.178,mushroom,0,5000,22,2
rf_dNone_fsqrt,rf,1.0,1.0,0.973,mushroom,0,5000,22,2
rf_dNone_f0.3,rf,1.0,1.0,0.963,mushroom,0,5000,22,2
rf_dNone_f0.7,rf,1.0,1.0,0.987,mushroom,0,5000,22,2
rf_d4_fsqrt,rf,0.9999641268474674,0.9998846819142803,0.849,mushroom,0,5000,22,2
rf_d4_f0.3,rf,1.0,1.0,0.821,mushroom,0,5000,22,2
rf_d4_f0.7,rf,1.0,0.9999794990069831,1.027,mushroom,0,5000,22,2
rf_d8_fsqrt,rf,1.0,1.0,0.948,mushroom,0,5000,22,2
rf_d8_f0.3,rf,1.0,1.0,0.993,mushroom,0,5000,22,2
rf_d8_f0.7,rf,1.0,1.0,0.958,mushroom,0,5000,22,2
rf_d16_fsqrt,rf,1.0,1.0,0.822,mushroom,0,5000,22,2
rf_d16_f0.3,rf,1.0,1.0,1.13,mushroom,0,5000,22,2
rf_d16_f0.7,rf,1.0,1.0,1.298,mushroom,0,5000,22,2
et_dNone_fsqrt,et,1.0,1.0,0.684,mushroom,0,5000,22,2
et_dNone_f0.5,et,1.0,1.0,0.794,mushroom,0,5000,22,2
et_d8_fsqrt,et,1.0,1.0,0.901,mushroom,0,5000,22,2
et_d8_f0.5,et,1.0,1.0,0.903,mushroom,0,5000,22,2
hgb_lr0.03_ln15_l20.0,gbdt,1.0,0.9999999999999999,0.88,mushroom,0,5000,22,2
hgb_lr0.03_ln15_l21.0,gbdt,1.0,1.0,0.692,mushroom,0,5000,22,2
hgb_lr0.03_ln31_l20.0,gbdt,1.0,1.0,0.972,mushroom,0,5000,22,2
hgb_lr0.03_ln31_l21.0,gbdt,1.0,1.0,0.889,mushroom,0,5000,22,2
hgb_lr0.03_ln63_l20.0,gbdt,1.0,0.9999999999999999,1.008,mushroom,0,5000,22,2
hgb_lr0.03_ln63_l21.0,gbdt,1.0,1.0,0.758,mushroom,0,5000,22,2
hgb_lr0.1_ln15_l20.0,gbdt,1.0,1.0,0.717,mushroom,0,5000,22,2
hgb_lr0.1_ln15_l21.0,gbdt,1.0,1.0,0.734,mushroom,0,5000,22,2
hgb_lr0.1_ln31_l20.0,gbdt,1.0,1.0,0.948,mushroom,0,5000,22,2
hgb_lr0.1_ln31_l21.0,gbdt,1.0,1.0,0.778,mushroom,0,5000,22,2
hgb_lr0.1_ln63_l20.0,gbdt,1.0,1.0,1.137,mushroom,0,5000,22,2
hgb_lr0.1_ln63_l21.0,gbdt,1.0,1.0,0.734,mushroom,0,5000,22,2
hgb_lr0.3_ln15_l20.0,gbdt,1.0,1.0,0.273,mushroom,0,5000,22,2
hgb_lr0.3_ln15_l21.0,gbdt,1.0,1.0,0.686,mushroom,0,5000,22,2
hgb_lr0.3_ln31_l20.0,gbdt,1.0,1.0,0.383,mushroom,0,5000,22,2
hgb_lr0.3_ln31_l21.0,gbdt,1.0,1.0,0.816,mushroom,0,5000,22,2
hgb_lr0.3_ln63_l20.0,gbdt,1.0,1.0,0.464,mushroom,0,5000,22,2
hgb_lr0.3_ln63_l21.0,gbdt,1.0,1.0,0.808,mushroom,0,5000,22,2
knn1_std,knn,1.0,1.0,0.135,mushroom,0,5000,22,2
knn1_quant,knn,0.9975734374679703,0.9983471074380166,0.208,mushroom,0,5000,22,2
knn5_std,knn,0.9999948752639239,1.0,0.104,mushroom,0,5000,22,2
knn5_quant,knn,0.9999513150072771,0.9999807803190467,0.224,mushroom,0,5000,22,2
knn15_std,knn,0.9997552938523666,0.9998808379780896,0.183,mushroom,0,5000,22,2
knn15_quant,knn,0.9997450443802144,0.9999436222692037,0.315,mushroom,0,5000,22,2
knn31_std,knn,0.9991800422278253,0.9993734384009225,0.193,mushroom,0,5000,22,2
knn31_quant,knn,0.9991608244675398,0.9995233519123583,0.267,mushroom,0,5000,22,2
svc_C0.1,svm,0.9994772769202387,0.9992875904926645,1.065,mushroom,0,5000,22,2
svc_C1,svm,1.0,1.0,0.539,mushroom,0,5000,22,2
svc_C10,svm,1.0,1.0,0.502,mushroom,0,5000,22,2
"mlp_(64,)_a0.0001",mlp,1.0,1.0,1.891,mushroom,0,5000,22,2
"mlp_(64,)_a0.01",mlp,1.0,1.0,1.835,mushroom,0,5000,22,2
"mlp_(128, 64)_a0.0001",mlp,1.0,1.0,1.865,mushroom,0,5000,22,2
"mlp_(128, 64)_a0.01",mlp,1.0,1.0,2.061,mushroom,0,5000,22,2
gaussiannb,nb,0.9387594038906996,0.9474405791530529,0.041,mushroom,0,5000,22,2
dt_d3,tree,0.9817546583850931,0.9818553398680249,0.013,mushroom,0,5000,22,2
dt_d6,tree,1.0,1.0,0.013,mushroom,0,5000,22,2
dt_dNone,tree,1.0,1.0,0.012,mushroom,0,5000,22,2
logreg_C0.01_std,linear,0.9759291146505955,0.9759521759629379,0.028,mushroom,1,5000,22,2
logreg_C0.01_quant,linear,0.9798444130127297,0.9723981714941681,0.223,mushroom,1,5000,22,2
logreg_C0.1_std,linear,0.9798930980054528,0.9788374023737778,0.033,mushroom,1,5000,22,2
logreg_C0.1_quant,linear,0.9812665272738454,0.9724596683270813,0.251,mushroom,1,5000,22,2
logreg_C1_std,linear,0.9810307894143451,0.9791167004899247,0.063,mushroom,1,5000,22,2
logreg_C1_quant,linear,0.9818225611381014,0.9727466535473424,0.194,mushroom,1,5000,22,2
logreg_C10_std,linear,0.980964167845356,0.9796112375212677,0.055,mushroom,1,5000,22,2
logreg_C10_quant,linear,0.9820711108377917,0.9729900785109568,0.158,mushroom,1,5000,22,2
logreg_C100_std,linear,0.9810051657339647,0.9796624848820286,0.056,mushroom,1,5000,22,2
logreg_C100_quant,linear,0.9821966668716562,0.9731796937457722,0.206,mushroom,1,5000,22,2
rf_dNone_fsqrt,rf,1.0,1.0,0.881,mushroom,1,5000,22,2
rf_dNone_f0.3,rf,1.0,1.0,1.017,mushroom,1,5000,22,2
rf_dNone_f0.7,rf,1.0,1.0,1.367,mushroom,1,5000,22,2
rf_d4_fsqrt,rf,0.999833446077527,0.9994772769202387,1.108,mushroom,1,5000,22,2
rf_d4_f0.3,rf,0.9999410655351249,0.9997950105569562,0.876,mushroom,1,5000,22,2
rf_d4_f0.7,rf,0.9999692515835434,0.9998770063341739,1.164,mushroom,1,5000,22,2
rf_d8_fsqrt,rf,1.0,1.0,1.035,mushroom,1,5000,22,2
rf_d8_f0.3,rf,1.0,1.0,1.016,mushroom,1,5000,22,2
rf_d8_f0.7,rf,1.0,1.0,1.199,mushroom,1,5000,22,2
rf_d16_fsqrt,rf,1.0,1.0,0.894,mushroom,1,5000,22,2
rf_d16_f0.3,rf,1.0,1.0,0.94,mushroom,1,5000,22,2
rf_d16_f0.7,rf,1.0,1.0,1.148,mushroom,1,5000,22,2
et_dNone_fsqrt,et,1.0,1.0,0.767,mushroom,1,5000,22,2
et_dNone_f0.5,et,1.0,1.0,0.86,mushroom,1,5000,22,2
et_d8_fsqrt,et,1.0,1.0,0.718,mushroom,1,5000,22,2
et_d8_f0.5,et,1.0,1.0,0.854,mushroom,1,5000,22,2
hgb_lr0.03_ln15_l20.0,gbdt,1.0,1.0,0.742,mushroom,1,5000,22,2
hgb_lr0.03_ln15_l21.0,gbdt,1.0,1.0,0.665,mushroom,1,5000,22,2
hgb_lr0.03_ln31_l20.0,gbdt,1.0,1.0,0.989,mushroom,1,5000,22,2
hgb_lr0.03_ln31_l21.0,gbdt,1.0,1.0,0.69,mushroom,1,5000,22,2
hgb_lr0.03_ln63_l20.0,gbdt,1.0,1.0,1.195,mushroom,1,5000,22,2
hgb_lr0.03_ln63_l21.0,gbdt,1.0,1.0,0.702,mushroom,1,5000,22,2
hgb_lr0.1_ln15_l20.0,gbdt,1.0,0.9999999999999999,0.648,mushroom,1,5000,22,2
hgb_lr0.1_ln15_l21.0,gbdt,1.0,1.0,0.675,mushroom,1,5000,22,2
hgb_lr0.1_ln31_l20.0,gbdt,1.0,1.0,0.836,mushroom,1,5000,22,2
hgb_lr0.1_ln31_l21.0,gbdt,1.0,0.9999999999999999,0.683,mushroom,1,5000,22,2
hgb_lr0.1_ln63_l20.0,gbdt,1.0,1.0,0.989,mushroom,1,5000,22,2
hgb_lr0.1_ln63_l21.0,gbdt,1.0,0.9999999999999999,0.729,mushroom,1,5000,22,2
hgb_lr0.3_ln15_l20.0,gbdt,1.0,1.0,0.328,mushroom,1,5000,22,2
hgb_lr0.3_ln15_l21.0,gbdt,1.0,1.0,0.699,mushroom,1,5000,22,2
hgb_lr0.3_ln31_l20.0,gbdt,1.0,1.0,0.368,mushroom,1,5000,22,2
hgb_lr0.3_ln31_l21.0,gbdt,1.0,1.0,0.709,mushroom,1,5000,22,2
hgb_lr0.3_ln63_l20.0,gbdt,1.0,1.0,0.409,mushroom,1,5000,22,2
hgb_lr0.3_ln63_l21.0,gbdt,1.0,1.0,0.734,mushroom,1,5000,22,2
knn1_std,knn,1.0,0.9991749174917492,0.089,mushroom,1,5000,22,2
knn1_quant,knn,0.9967483549597196,0.9983985199762213,0.203,mushroom,1,5000,22,2
knn5_std,knn,1.0,1.0,0.097,mushroom,1,5000,22,2
knn5_quant,knn,0.9999871881598098,0.9999923128958859,0.201,mushroom,1,5000,22,2
knn15_std,knn,0.999885974622307,0.9997924481889182,0.132,mushroom,1,5000,22,2
knn15_quant,knn,0.9999000676465162,0.9998321648935079,0.227,mushroom,1,5000,22,2
knn31_std,knn,0.9990455179058279,0.9987495643974336,0.149,mushroom,1,5000,22,2
knn31_quant,knn,0.9994362790316299,0.9994465285037821,0.252,mushroom,1,5000,22,2
svc_C0.1,svm,0.9988494967509173,0.9983908328721072,0.966,mushroom,1,5000,22,2
svc_C1,svm,1.0,1.0,0.504,mushroom,1,5000,22,2
svc_C10,svm,1.0,1.0,0.481,mushroom,1,5000,22,2
"mlp_(64,)_a0.0001",mlp,1.0,1.0,1.855,mushroom,1,5000,22,2
"mlp_(64,)_a0.01",mlp,1.0,1.0,1.826,mushroom,1,5000,22,2
"mlp_(128, 64)_a0.0001",mlp,1.0,1.0,1.878,mushroom,1,5000,22,2
"mlp_(128, 64)_a0.01",mlp,1.0,1.0,1.82,mushroom,1,5000,22,2
gaussiannb,nb,0.9337320378000532,0.9350952175962938,0.041,mushroom,1,5000,22,2
dt_d3,tree,0.9816572883996474,0.9845950433552673,0.025,mushroom,1,5000,22,2
dt_d6,tree,0.9991749174917492,0.9983498349834983,0.03,mushroom,1,5000,22,2
dt_dNone,tree,0.9991749174917492,0.9983498349834983,0.029,mushroom,1,5000,22,2
logreg_C0.01_std,linear,0.978125064059201,0.9755705041962969,0.041,mushroom,2,5000,22,2
logreg_C0.01_quant,linear,0.9766517024373245,0.9759548978153629,0.126,mushroom,2,5000,22,2
logreg_C0.1_std,linear,0.9801339606010291,0.9788070984688322,0.028,mushroom,2,5000,22,2
logreg_C0.1_quant,linear,0.9777407088534941,0.9775180985328977,0.205,mushroom,2,5000,22,2
logreg_C1_std,linear,0.9798879732693766,0.9787814722275611,0.024,mushroom,2,5000,22,2
logreg_C1_quant,linear,0.9782173093085706,0.9780716253443525,0.157,mushroom,2,5000,22,2
logreg_C10_std,linear,0.9792806920443597,0.97815362931642,0.048,mushroom,2,5000,22,2
logreg_C10_quant,linear,0.9784197363835762,0.9781946313024537,0.194,mushroom,2,5000,22,2
logreg_C100_std,linear,0.9790295799766311,0.9779588698827599,0.026,mushroom,2,5000,22,2
logreg_C100_quant,linear,0.978460734272185,0.97825100903325,0.179,mushroom,2,5000,22,2
rf_dNone_fsqrt,rf,1.0,1.0,0.847,mushroom,2,5000,22,2
rf_dNone_f0.3,rf,1.0,0.9999999999999999,1.045,mushroom,2,5000,22,2
rf_dNone_f0.7,rf,1.0,1.0,1.166,mushroom,2,5000,22,2
rf_d4_fsqrt,rf,0.9999077547506303,0.9997898648215774,0.81,mushroom,2,5000,22,2
rf_d4_f0.3,rf,0.999997437631962,0.9999564353898391,0.913,mushroom,2,5000,22,2
rf_d4_f0.7,rf,0.9999820634237337,0.9999641232622205,1.119,mushroom,2,5000,22,2
rf_d8_fsqrt,rf,1.0,1.0,0.894,mushroom,2,5000,22,2
rf_d8_f0.3,rf,1.0,1.0,0.92,mushroom,2,5000,22,2
rf_d8_f0.7,rf,1.0,1.0,1.315,mushroom,2,5000,22,2
rf_d16_fsqrt,rf,1.0,1.0,1.078,mushroom,2,5000,22,2
rf_d16_f0.3,rf,1.0,0.9999999999999999,0.829,mushroom,2,5000,22,2
rf_d16_f0.7,rf,1.0,1.0,1.029,mushroom,2,5000,22,2
et_dNone_fsqrt,et,1.0,1.0,0.684,mushroom,2,5000,22,2
et_dNone_f0.5,et,1.0,1.0,1.084,mushroom,2,5000,22,2
et_d8_fsqrt,et,1.0,0.9999999999999999,0.709,mushroom,2,5000,22,2
et_d8_f0.5,et,1.0,1.0,0.989,mushroom,2,5000,22,2
hgb_lr0.03_ln15_l20.0,gbdt,1.0,1.0,0.714,mushroom,2,5000,22,2
hgb_lr0.03_ln15_l21.0,gbdt,1.0,1.0,0.793,mushroom,2,5000,22,2
hgb_lr0.03_ln31_l20.0,gbdt,1.0,1.0,1.017,mushroom,2,5000,22,2
hgb_lr0.03_ln31_l21.0,gbdt,1.0,1.0,0.622,mushroom,2,5000,22,2
hgb_lr0.03_ln63_l20.0,gbdt,1.0,1.0,1.12,mushroom,2,5000,22,2
hgb_lr0.03_ln63_l21.0,gbdt,1.0,1.0,0.604,mushroom,2,5000,22,2
hgb_lr0.1_ln15_l20.0,gbdt,1.0,0.9999999999999999,0.315,mushroom,2,5000,22,2
hgb_lr0.1_ln15_l21.0,gbdt,1.0,1.0,0.412,mushroom,2,5000,22,2
hgb_lr0.1_ln31_l20.0,gbdt,0.9999999999999999,1.0,0.402,mushroom,2,5000,22,2
hgb_lr0.1_ln31_l21.0,gbdt,1.0,1.0,0.439,mushroom,2,5000,22,2
hgb_lr0.1_ln63_l20.0,gbdt,1.0,1.0,0.422,mushroom,2,5000,22,2
hgb_lr0.1_ln63_l21.0,gbdt,1.0,1.0,0.459,mushroom,2,5000,22,2
hgb_lr0.3_ln15_l20.0,gbdt,1.0,1.0,0.143,mushroom,2,5000,22,2
hgb_lr0.3_ln15_l21.0,gbdt,1.0,1.0,0.17,mushroom,2,5000,22,2
hgb_lr0.3_ln31_l20.0,gbdt,1.0,1.0,0.295,mushroom,2,5000,22,2
hgb_lr0.3_ln31_l21.0,gbdt,1.0,1.0,0.122,mushroom,2,5000,22,2
hgb_lr0.3_ln63_l20.0,gbdt,1.0,1.0,0.224,mushroom,2,5000,22,2
hgb_lr0.3_ln63_l21.0,gbdt,1.0,1.0,0.169,mushroom,2,5000,22,2
knn1_std,knn,0.9991749174917492,0.9991735537190083,0.076,mushroom,2,5000,22,2
knn1_quant,knn,0.9983498349834983,0.9983471074380166,0.185,mushroom,2,5000,22,2
knn5_std,knn,0.9991749174917492,1.0,0.09,mushroom,2,5000,22,2
knn5_quant,knn,0.9999795010556957,0.9999474662053943,0.21,mushroom,2,5000,22,2
knn15_std,knn,0.9998501014697743,0.9997501441476072,0.094,mushroom,2,5000,22,2
knn15_quant,knn,0.9998219154213558,0.9997552693958613,0.244,mushroom,2,5000,22,2
knn31_std,knn,0.9994093741672303,0.9992081491447242,0.165,mushroom,2,5000,22,2
knn31_quant,knn,0.9995656786175513,0.9994182843231469,0.284,mushroom,2,5000,22,2
svc_C0.1,svm,0.9993824693028309,0.9992414632583766,0.988,mushroom,2,5000,22,2
svc_C1,svm,1.0,1.0,0.609,mushroom,2,5000,22,2
svc_C10,svm,1.0,1.0,0.421,mushroom,2,5000,22,2
"mlp_(64,)_a0.0001",mlp,1.0,1.0,2.395,mushroom,2,5000,22,2
"mlp_(64,)_a0.01",mlp,1.0,1.0,1.55,mushroom,2,5000,22,2
"mlp_(128, 64)_a0.0001",mlp,1.0,1.0,1.789,mushroom,2,5000,22,2
"mlp_(128, 64)_a0.01",mlp,1.0,1.0,1.667,mushroom,2,5000,22,2
gaussiannb,nb,0.9413602074493164,0.9380895637132424,0.022,mushroom,2,5000,22,2
dt_d3,tree,0.9812742143779595,0.9852828496380293,0.021,mushroom,2,5000,22,2
dt_d6,tree,1.0,1.0,0.014,mushroom,2,5000,22,2
dt_dNone,tree,1.0,1.0,0.014,mushroom,2,5000,22,2
logreg_C0.01_std,linear,0.816800995760623,0.8075609221720602,0.016,phoneme,0,5000,5,2
logreg_C0.01_quant,linear,0.7868326678497486,0.7758354137029757,0.062,phoneme,0,5000,5,2
logreg_C0.1_std,linear,0.8166685152321798,0.807246166616779,0.014,phoneme,0,5000,5,2
logreg_C0.1_quant,linear,0.7886535048802129,0.7781189343981534,0.048,phoneme,0,5000,5,2
logreg_C1_std,linear,0.8165483584738243,0.8071721064861246,0.02,phoneme,0,5000,5,2
logreg_C1_quant,linear,0.788896899339446,0.7784120890819939,0.055,phoneme,0,5000,5,2
logreg_C10_std,linear,0.8165360347037365,0.8071289047432426,0.021,phoneme,0,5000,5,2
logreg_C10_quant,linear,0.788896899339446,0.7784182607595485,0.055,phoneme,0,5000,5,2
logreg_C100_std,linear,0.8165298728186927,0.8071350764207974,0.022,phoneme,0,5000,5,2
logreg_C100_quant,linear,0.7889061421670118,0.7784336899534348,0.054,phoneme,0,5000,5,2
rf_dNone_fsqrt,rf,0.9528600389431136,0.950239306797177,1.973,phoneme,0,5000,5,2
rf_dNone_f0.3,rf,0.9535054964014592,0.9492379521139538,2.121,phoneme,0,5000,5,2
rf_dNone_f0.7,rf,0.952986357586513,0.9508564745526306,3.047,phoneme,0,5000,5,2
rf_d4_fsqrt,rf,0.896768399388741,0.8964855382165704,1.425,phoneme,0,5000,5,2
rf_d4_f0.3,rf,0.8899579759440008,0.8883944689425756,1.332,phoneme,0,5000,5,2
rf_d4_f0.7,rf,0.9010801784481909,0.9025816127210617,2.238,phoneme,0,5000,5,2
rf_d8_fsqrt,rf,0.9427129547471162,0.9411345394848499,2.323,phoneme,0,5000,5,2
rf_d8_f0.3,rf,0.9378450655624567,0.9344814710810619,1.168,phoneme,0,5000,5,2
rf_d8_f0.7,rf,0.9413635019225081,0.9428934675878925,2.137,phoneme,0,5000,5,2
rf_d16_fsqrt,rf,0.9525889160011831,0.9509907085394416,1.982,phoneme,0,5000,5,2
rf_d16_f0.3,rf,0.9545406930888296,0.9490620593036496,1.663,phoneme,0,5000,5,2
rf_d16_f0.7,rf,0.952983276643991,0.9508101869709714,2.866,phoneme,0,5000,5,2
et_dNone_fsqrt,et,0.9584688948042986,0.9547461743313759,1.491,phoneme,0,5000,5,2
et_dNone_f0.5,et,0.9584688948042986,0.9547461743313759,1.188,phoneme,0,5000,5,2
et_d8_fsqrt,et,0.9084990880410135,0.910094087224319,0.7,phoneme,0,5000,5,2
et_d8_f0.5,et,0.9084990880410135,0.910094087224319,0.705,phoneme,0,5000,5,2
hgb_lr0.03_ln15_l20.0,gbdt,0.9373351695750765,0.9328182039801148,0.575,phoneme,0,5000,5,2
hgb_lr0.03_ln15_l21.0,gbdt,0.9362460563935718,0.9338473312123334,0.601,phoneme,0,5000,5,2
hgb_lr0.03_ln31_l20.0,gbdt,0.94271911663216,0.939943405716825,0.831,phoneme,0,5000,5,2
hgb_lr0.03_ln31_l21.0,gbdt,0.9432059055506261,0.942112750377244,1.081,phoneme,0,5000,5,2
hgb_lr0.03_ln63_l20.0,gbdt,0.9483449176772158,0.9444240436214171,1.333,phoneme,0,5000,5,2
hgb_lr0.03_ln63_l21.0,gbdt,0.9475069013112492,0.944470331203076,1.409,phoneme,0,5000,5,2
hgb_lr0.1_ln15_l20.0,gbdt,0.9406826136251601,0.9373173569173705,0.382,phoneme,0,5000,5,2
hgb_lr0.1_ln15_l21.0,gbdt,0.9410276791876171,0.9388139887243452,0.51,phoneme,0,5000,5,2
hgb_lr0.1_ln31_l20.0,gbdt,0.9441887262151237,0.9399464915556022,0.398,phoneme,0,5000,5,2
hgb_lr0.1_ln31_l21.0,gbdt,0.9419519619441981,0.9427484331653609,0.405,phoneme,0,5000,5,2
hgb_lr0.1_ln63_l20.0,gbdt,0.9470416789904368,0.9448344601787935,0.605,phoneme,0,5000,5,2
hgb_lr0.1_ln63_l21.0,gbdt,0.9461143152913338,0.9453436235770425,0.551,phoneme,0,5000,5,2
hgb_lr0.3_ln15_l20.0,gbdt,0.9374322192645174,0.9330558135659643,0.29,phoneme,0,5000,5,2
hgb_lr0.3_ln15_l21.0,gbdt,0.9366604431627723,0.933500174349891,0.241,phoneme,0,5000,5,2
hgb_lr0.3_ln31_l20.0,gbdt,0.9453533224884155,0.9402057020128927,0.253,phoneme,0,5000,5,2
hgb_lr0.3_ln31_l21.0,gbdt,0.9456860642807847,0.9405605734722783,0.237,phoneme,0,5000,5,2
hgb_lr0.3_ln63_l20.0,gbdt,0.9446215986394558,0.9410203634500912,0.256,phoneme,0,5000,5,2
hgb_lr0.3_ln63_l21.0,gbdt,0.9449035048802129,0.9437482449291953,0.298,phoneme,0,5000,5,2
knn1_std,knn,0.8448283298826779,0.8494588981704062,0.045,phoneme,0,5000,5,2
knn1_quant,knn,0.8629504337967071,0.8427533705074044,0.071,phoneme,0,5000,5,2
knn5_std,knn,0.916557293207138,0.9192775434254662,0.06,phoneme,0,5000,5,2
knn5_quant,knn,0.9199232229123533,0.9188069530119329,0.078,phoneme,0,5000,5,2
knn15_std,knn,0.9188772429261561,0.9165697198984141,0.069,phoneme,0,5000,5,2
knn15_quant,knn,0.9210446859903383,0.9209793835111291,0.101,phoneme,0,5000,5,2
knn31_std,knn,0.9050330277038352,0.9004616414810792,0.098,phoneme,0,5000,5,2
knn31_quant,knn,0.9095928226363008,0.9076963904943823,0.141,phoneme,0,5000,5,2
svc_C0.1,svm,0.8685546682441092,0.8642292654777958,1.212,phoneme,0,5000,5,2
svc_C1,svm,0.8987725524992607,0.8921468488957325,1.018,phoneme,0,5000,5,2
svc_C10,svm,0.914520790200138,0.9105199329755819,1.168,phoneme,0,5000,5,2
"mlp_(64,)_a0.0001",mlp,0.9136411811101253,0.9110537830840489,3.638,phoneme,0,5000,5,2
"mlp_(64,)_a0.01",mlp,0.9128247313418122,0.9104736453939227,3.663,phoneme,0,5000,5,2
"mlp_(128, 64)_a0.0001",mlp,0.931935817805383,0.9320066283816936,7.657,phoneme,0,5000,5,2
"mlp_(128, 64)_a0.01",mlp,0.9306418219461698,0.9299854039825834,5.445,phoneme,0,5000,5,2
gaussiannb,nb,0.8205689884649511,0.8233727600667775,0.023,phoneme,0,5000,5,2
dt_d3,tree,0.8208832446021888,0.8194707169329232,0.021,phoneme,0,5000,5,2
dt_d6,tree,0.8737244897959184,0.8858810532584914,0.032,phoneme,0,5000,5,2
dt_dNone,tree,0.8135506013999804,0.804976532196099,0.04,phoneme,0,5000,5,2
logreg_C0.01_std,linear,0.8108967138902861,0.8174079414374444,0.026,phoneme,1,5000,5,2
logreg_C0.01_quant,linear,0.7856391234983536,0.78502107364685,0.052,phoneme,1,5000,5,2
logreg_C0.1_std,linear,0.8097210093161472,0.8168965049788031,0.022,phoneme,1,5000,5,2
logreg_C0.1_quant,linear,0.7865463600988704,0.7874457754116138,0.057,phoneme,1,5000,5,2
logreg_C1_std,linear,0.8095482023446203,0.8167886719905354,0.028,phoneme,1,5000,5,2
logreg_C1_quant,linear,0.7867191670703972,0.7875967415951888,0.056,phoneme,1,5000,5,2
logreg_C10_std,linear,0.8095389448282884,0.8167855910480134,0.02,phoneme,1,5000,5,2
logreg_C10_quant,linear,0.7867315104255063,0.7876059844227545,0.034,phoneme,1,5000,5,2
logreg_C100_std,linear,0.8095512881833975,0.8167948338755793,0.028,phoneme,1,5000,5,2
logreg_C100_quant,linear,0.7867500254581699,0.7876152272503204,0.061,phoneme,1,5000,5,2
rf_dNone_fsqrt,rf,0.946175257127516,0.9472172927141871,1.87,phoneme,1,5000,5,2
rf_dNone_f0.3,rf,0.9463820083255929,0.9490458321009563,1.441,phoneme,1,5000,5,2
rf_dNone_f0.7,rf,0.9447418850154754,0.9461528270728581,2.354,phoneme,1,5000,5,2
rf_d4_fsqrt,rf,0.8873776850654661,0.8996537020605343,1.254,phoneme,1,5000,5,2
rf_d4_f0.3,rf,0.8831948306028803,0.8929218426501035,1.001,phoneme,1,5000,5,2
rf_d4_f0.7,rf,0.8928164759103996,0.9050068396923987,1.504,phoneme,1,5000,5,2
rf_d8_fsqrt,rf,0.9352313299039376,0.9386522725032043,1.751,phoneme,1,5000,5,2
rf_d8_f0.3,rf,0.9285659181450405,0.9343697623977127,1.26,phoneme,1,5000,5,2
rf_d8_f0.7,rf,0.9344660418871756,0.9364940722665878,2.108,phoneme,1,5000,5,2
rf_d16_fsqrt,rf,0.9457278105048122,0.9466380755200632,1.897,phoneme,1,5000,5,2
rf_d16_f0.3,rf,0.9476688030957136,0.9478997214827962,1.427,phoneme,1,5000,5,2
rf_d16_f0.7,rf,0.9448900052767844,0.9456752809819581,2.383,phoneme,1,5000,5,2
et_dNone_fsqrt,et,0.955111846226482,0.9548749753524599,1.262,phoneme,1,5000,5,2
et_dNone_f0.5,et,0.955111846226482,0.9548749753524599,1.204,phoneme,1,5000,5,2
et_d8_fsqrt,et,0.9047339852682057,0.9162168490584639,0.741,phoneme,1,5000,5,2
et_d8_f0.5,et,0.9047339852682057,0.9162168490584639,0.765,phoneme,1,5000,5,2
hgb_lr0.03_ln15_l20.0,gbdt,0.9298033394947247,0.9374845952873905,0.641,phoneme,1,5000,5,2
hgb_lr0.03_ln15_l21.0,gbdt,0.9290303368810193,0.937008589667751,0.628,phoneme,1,5000,5,2
hgb_lr0.03_ln31_l20.0,gbdt,0.9344907285973937,0.9401157202011239,0.802,phoneme,1,5000,5,2
hgb_lr0.03_ln31_l21.0,gbdt,0.935521398749001,0.9400541013506851,0.936,phoneme,1,5000,5,2
hgb_lr0.03_ln63_l20.0,gbdt,0.9378218915574537,0.9389110716750468,0.995,phoneme,1,5000,5,2
hgb_lr0.03_ln63_l21.0,gbdt,0.9373744449347499,0.941177104899931,1.195,phoneme,1,5000,5,2
hgb_lr0.1_ln15_l20.0,gbdt,0.9347931407975659,0.9389680691117026,0.289,phoneme,1,5000,5,2
hgb_lr0.1_ln15_l21.0,gbdt,0.9322272658542683,0.9387708887902988,0.286,phoneme,1,5000,5,2
hgb_lr0.1_ln31_l20.0,gbdt,0.934026309861415,0.9392160849847184,0.279,phoneme,1,5000,5,2
hgb_lr0.1_ln31_l21.0,gbdt,0.9364085773974652,0.9416947032436163,0.407,phoneme,1,5000,5,2
hgb_lr0.1_ln63_l20.0,gbdt,0.9370272880723075,0.9382887212856157,0.361,phoneme,1,5000,5,2
hgb_lr0.1_ln63_l21.0,gbdt,0.9357497508185187,0.9388648575372178,0.294,phoneme,1,5000,5,2
hgb_lr0.3_ln15_l20.0,gbdt,0.9292448026760394,0.93944099378882,0.143,phoneme,1,5000,5,2
hgb_lr0.3_ln15_l21.0,gbdt,0.9350816667232403,0.939143682835453,0.193,phoneme,1,5000,5,2
hgb_lr0.3_ln31_l20.0,gbdt,0.9373297002724795,0.939533422064478,0.197,phoneme,1,5000,5,2
hgb_lr0.3_ln31_l21.0,gbdt,0.9359210148706572,0.9390312284334023,0.163,phoneme,1,5000,5,2
hgb_lr0.3_ln63_l20.0,gbdt,0.9350770379650745,0.9395041531105196,0.204,phoneme,1,5000,5,2
hgb_lr0.3_ln63_l21.0,gbdt,0.937550337745054,0.9392068421571528,0.178,phoneme,1,5000,5,2
knn1_std,knn,0.8410546162605188,0.8521887015675835,0.039,phoneme,1,5000,5,2
knn1_quant,knn,0.8323309500371843,0.8450439958592133,0.064,phoneme,1,5000,5,2
knn5_std,knn,0.912376065000108,0.9134917553978114,0.052,phoneme,1,5000,5,2
knn5_quant,knn,0.914472892449261,0.9126460366755398,0.092,phoneme,1,5000,5,2
knn15_std,knn,0.9133789626027199,0.9167868234250223,0.074,phoneme,1,5000,5,2
knn15_quant,knn,0.9062753617374505,0.9140848368332841,0.1,phoneme,1,5000,5,2
knn31_std,knn,0.9014383094540842,0.9085853544316278,0.094,phoneme,1,5000,5,2
knn31_quant,knn,0.9011775560774051,0.9120699004239377,0.122,phoneme,1,5000,5,2
svc_C0.1,svm,0.863757132144874,0.8749691905747807,1.231,phoneme,1,5000,5,2
svc_C1,svm,0.9026417865772185,0.9136781524203884,1.09,phoneme,1,5000,5,2
svc_C10,svm,0.919783620984938,0.9144067953268264,1.141,phoneme,1,5000,5,2
"mlp_(64,)_a0.0001",mlp,0.9170032802466204,0.9153819136350192,3.508,phoneme,1,5000,5,2
"mlp_(64,)_a0.01",mlp,0.9166484087872344,0.9152740806467515,3.499,phoneme,1,5000,5,2
"mlp_(128, 64)_a0.0001",mlp,0.9380919024504645,0.9295296016957508,9.097,phoneme,1,5000,5,2
"mlp_(128, 64)_a0.01",mlp,0.936746476743576,0.92917837424825,8.654,phoneme,1,5000,5,2
gaussiannb,nb,0.8192685944930121,0.812552376022873,0.023,phoneme,1,5000,5,2
dt_d3,tree,0.8282885012389642,0.8346858671004633,0.03,phoneme,1,5000,5,2
dt_d6,tree,0.888877402711218,0.885744787045253,0.027,phoneme,1,5000,5,2
dt_dNone,tree,0.8284906236788753,0.8185263235729073,0.035,phoneme,1,5000,5,2
logreg_C0.01_std,linear,0.8160061125899637,0.8076288106251601,0.029,phoneme,2,5000,5,2
logreg_C0.01_quant,linear,0.7855294291629696,0.7842011226281472,0.042,phoneme,2,5000,5,2
logreg_C0.1_std,linear,0.8156363994873314,0.8067184881858662,0.018,phoneme,2,5000,5,2
logreg_C0.1_quant,linear,0.7870483338262841,0.7866327635846339,0.041,phoneme,2,5000,5,2
logreg_C1_std,linear,0.8156333185448092,0.806588882957221,0.011,phoneme,2,5000,5,2
logreg_C1_quant,linear,0.7871253573893325,0.7870678668522284,0.049,phoneme,2,5000,5,2
logreg_C10_std,linear,0.815642561372375,0.8065641962470029,0.028,phoneme,2,5000,5,2
logreg_C10_quant,linear,0.7871346002168982,0.7871048969175557,0.096,phoneme,2,5000,5,2
logreg_C100_std,linear,0.8156302376022874,0.8065703679245575,0.011,phoneme,2,5000,5,2
logreg_C100_quant,linear,0.787150004929508,0.787107982756333,0.025,phoneme,2,5000,5,2
rf_dNone_fsqrt,rf,0.9516692546583851,0.9463989804388679,2.02,phoneme,2,5000,5,2
rf_dNone_f0.3,rf,0.9522238243123337,0.94425123664989,1.475,phoneme,2,5000,5,2
rf_dNone_f0.7,rf,0.9484265626540472,0.9467877961248038,2.268,phoneme,2,5000,5,2
rf_d4_fsqrt,rf,0.8895559129448881,0.8831994593610463,1.283,phoneme,2,5000,5,2
rf_d4_f0.3,rf,0.8852934289657891,0.8765757064256421,1.199,phoneme,2,5000,5,2
rf_d4_f0.7,rf,0.8926599625357389,0.8896334332116483,1.813,phoneme,2,5000,5,2
rf_d8_fsqrt,rf,0.937549295080351,0.9323892723900746,1.625,phoneme,2,5000,5,2
rf_d8_f0.3,rf,0.9313350340136055,0.9247302205448974,1.115,phoneme,2,5000,5,2
rf_d8_f0.7,rf,0.9393331608005521,0.9362311416677725,1.894,phoneme,2,5000,5,2
rf_d16_fsqrt,rf,0.9523701690821256,0.9472028414403462,1.701,phoneme,2,5000,5,2
rf_d16_f0.3,rf,0.9521375579217195,0.9430817037533056,1.533,phoneme,2,5000,5,2
rf_d16_f0.7,rf,0.9485729074238392,0.9464421821817497,2.902,phoneme,2,5000,5,2
et_dNone_fsqrt,et,0.9598645617667356,0.9521355547258079,1.142,phoneme,2,5000,5,2
et_dNone_f0.5,et,0.9598645617667356,0.9521355547258079,1.223,phoneme,2,5000,5,2
et_d8_fsqrt,et,0.9073930296756383,0.8981827495440674,0.701,phoneme,2,5000,5,2
et_d8_f0.5,et,0.9073930296756383,0.8981827495440674,0.869,phoneme,2,5000,5,2
hgb_lr0.03_ln15_l20.0,gbdt,0.9282155797101449,0.9143556305757249,0.604,phoneme,2,5000,5,2
hgb_lr0.03_ln15_l21.0,gbdt,0.9276055530908014,0.9144929504013133,0.702,phoneme,2,5000,5,2
hgb_lr0.03_ln31_l20.0,gbdt,0.9379775460909002,0.9205550806792548,0.693,phoneme,2,5000,5,2
hgb_lr0.03_ln31_l21.0,gbdt,0.9391298185941044,0.9210349286091198,1.211,phoneme,2,5000,5,2
hgb_lr0.03_ln63_l20.0,gbdt,0.9418379670708863,0.9257902061648887,0.939,phoneme,2,5000,5,2
hgb_lr0.03_ln63_l21.0,gbdt,0.9411000813368826,0.9258966676027045,1.085,phoneme,2,5000,5,2
hgb_lr0.1_ln15_l20.0,gbdt,0.9298762077294686,0.9157442580254952,0.302,phoneme,2,5000,5,2
hgb_lr0.1_ln15_l21.0,gbdt,0.9310500468303263,0.9177731970215484,0.351,phoneme,2,5000,5,2
hgb_lr0.1_ln31_l20.0,gbdt,0.9381654835847382,0.9217307852533936,0.326,phoneme,2,5000,5,2
hgb_lr0.1_ln31_l21.0,gbdt,0.9403406290052252,0.9192991442969072,0.319,phoneme,2,5000,5,2
hgb_lr0.1_ln63_l20.0,gbdt,0.9406225352459825,0.924824338627604,0.573,phoneme,2,5000,5,2
hgb_lr0.1_ln63_l21.0,gbdt,0.940262064970916,0.9250974353593922,0.327,phoneme,2,5000,5,2
hgb_lr0.3_ln15_l20.0,gbdt,0.930384563245588,0.9195290392858134,0.097,phoneme,2,5000,5,2
hgb_lr0.3_ln15_l21.0,gbdt,0.9313858695652174,0.9180570941890569,0.152,phoneme,2,5000,5,2
hgb_lr0.3_ln31_l20.0,gbdt,0.937017832495317,0.9226318501763556,0.164,phoneme,2,5000,5,2
hgb_lr0.3_ln31_l21.0,gbdt,0.9404007073844031,0.9260617599772882,0.189,phoneme,2,5000,5,2
hgb_lr0.3_ln63_l20.0,gbdt,0.9398985137533274,0.9256498005005231,0.184,phoneme,2,5000,5,2
hgb_lr0.3_ln63_l21.0,gbdt,0.9429224588386079,0.9261404488661086,0.189,phoneme,2,5000,5,2
knn1_std,knn,0.8306837227644681,0.8244759474296506,0.039,phoneme,2,5000,5,2
knn1_quant,knn,0.8451795573301784,0.8337828371818886,0.073,phoneme,2,5000,5,2
knn5_std,knn,0.9115800305629498,0.9074418087952576,0.054,phoneme,2,5000,5,2
knn5_quant,knn,0.9135441314206841,0.9106958257858859,0.094,phoneme,2,5000,5,2
knn15_std,knn,0.915053793256433,0.903894637120789,0.085,phoneme,2,5000,5,2
knn15_quant,knn,0.9164818101153503,0.9042741952903929,0.103,phoneme,2,5000,5,2
knn31_std,knn,0.9071789041703638,0.8948531295033959,0.096,phoneme,2,5000,5,2
knn31_quant,knn,0.9111117272996154,0.8980593159929766,0.125,phoneme,2,5000,5,2
svc_C0.1,svm,0.8717973602484472,0.8683180018576749,1.164,phoneme,2,5000,5,2
svc_C1,svm,0.90344942324756,0.9028269369038545,1.242,phoneme,2,5000,5,2
svc_C10,svm,0.9141741841664203,0.9121955434316378,1.009,phoneme,2,5000,5,2
"mlp_(64,)_a0.0001",mlp,0.9096729271418712,0.9084246484458173,3.553,phoneme,2,5000,5,2
"mlp_(64,)_a0.01",mlp,0.9095435275559499,0.9083320732824991,4.063,phoneme,2,5000,5,2
"mlp_(128, 64)_a0.0001",mlp,0.9327954007690032,0.9179876628165684,8.705,phoneme,2,5000,5,2
"mlp_(128, 64)_a0.01",mlp,0.9335748792270531,0.918570886345472,8.407,phoneme,2,5000,5,2
gaussiannb,nb,0.8136676772158138,0.803401211500304,0.019,phoneme,2,5000,5,2
dt_d3,tree,0.8412636793847973,0.8388821857613227,0.025,phoneme,2,5000,5,2
dt_d6,tree,0.8764465025140491,0.8881938894220532,0.034,phoneme,2,5000,5,2
dt_dNone,tree,0.7994059942817706,0.837887002755654,0.045,phoneme,2,5000,5,2
logreg_C0.01_std,linear,0.8179723443312535,0.8108164848472434,0.035,ring,0,5000,20,2
logreg_C0.01_quant,linear,0.8095082042761061,0.803834721407925,0.157,ring,0,5000,20,2
logreg_C0.1_std,linear,0.8175524656352329,0.8102429919941422,0.039,ring,0,5000,20,2
logreg_C0.1_quant,linear,0.808973114962275,0.8032970718581425,0.146,ring,0,5000,20,2
logreg_C1_std,linear,0.8174398152533737,0.81018154633131,0.028,ring,0,5000,20,2
logreg_C1_quant,linear,0.8089167897713454,0.8032509876110182,0.164,ring,0,5000,20,2
logreg_C10_std,linear,0.8174372550174225,0.8101815463313099,0.031,ring,0,5000,20,2
logreg_C10_quant,linear,0.8089091090634912,0.8032535478469696,0.171,ring,0,5000,20,2
logreg_C100_std,linear,0.8174372550174225,0.8101841065672613,0.034,ring,0,5000,20,2
logreg_C100_quant,linear,0.8089091090634912,0.8032509876110182,0.15,ring,0,5000,20,2
rf_dNone_fsqrt,rf,0.9873793168778434,0.9936365335429314,5.052,ring,0,5000,20,2
rf_dNone_f0.3,rf,0.9860467140651682,0.9920248650115595,7.212,ring,0,5000,20,2
rf_dNone_f0.7,rf,0.9824534229074552,0.9893634997401359,14.649,ring,0,5000,20,2
rf_d4_fsqrt,rf,0.9628368950482477,0.9703665489811542,2.065,ring,0,5000,20,2
rf_d4_f0.3,rf,0.9547529500318749,0.9639992421701585,2.522,ring,0,5000,20,2
rf_d4_f0.7,rf,0.9484598900634684,0.9575000832076683,4.098,ring,0,5000,20,2
rf_d8_fsqrt,rf,0.9740673700488236,0.9828976238450136,3.227,ring,0,5000,20,2
rf_d8_f0.3,rf,0.971074454221701,0.9806996612807837,3.664,ring,0,5000,20,2
rf_d8_f0.7,rf,0.9670740855477241,0.9760745950346784,7.456,ring,0,5000,20,2
rf_d16_fsqrt,rf,0.9840138867198001,0.9914641733382149,4.336,ring,0,5000,20,2
rf_d16_f0.3,rf,0.9826083171825115,0.9898614656326727,4.631,ring,0,5000,20,2
rf_d16_f0.7,rf,0.9786245900422182,0.9859609461607982,11.156,ring,0,5000,20,2
et_dNone_fsqrt,et,0.9951214703947115,0.9974423242846061,1.286,ring,0,5000,20,2
et_dNone_f0.5,et,0.9930630406898301,0.9962774169267439,2.1,ring,0,5000,20,2
et_d8_fsqrt,et,0.9942932340644514,0.9964745550949975,0.716,ring,0,5000,20,2
et_d8_f0.5,et,0.9882049929721524,0.9926572432915418,1.088,ring,0,5000,20,2
hgb_lr0.03_ln15_l20.0,gbdt,0.9935456451666586,0.9950561843779523,1.211,ring,0,5000,20,2
hgb_lr0.03_ln15_l21.0,gbdt,0.993622452245199,0.995476063073973,1.058,ring,0,5000,20,2
hgb_lr0.03_ln31_l20.0,gbdt,0.9929619113697519,0.9956271169951023,1.662,ring,0,5000,20,2
hgb_lr0.03_ln31_l21.0,gbdt,0.9928364598081358,0.9953326898606976,1.589,ring,0,5000,20,2
hgb_lr0.03_ln63_l20.0,gbdt,0.9925932373927581,0.9951893166474223,2.4,ring,0,5000,20,2
hgb_lr0.03_ln63_l21.0,gbdt,0.9932716999198646,0.9952686839619138,2.236,ring,0,5000,20,2
hgb_lr0.1_ln15_l20.0,gbdt,0.994490372232705,0.9960137126237554,0.741,ring,0,5000,20,2
hgb_lr0.1_ln15_l21.0,gbdt,0.9950869072093684,0.9958140142195505,0.85,ring,0,5000,20,2
hgb_lr0.1_ln31_l20.0,gbdt,0.993630132953053,0.9959701886125826,1.261,ring,0,5000,20,2
hgb_lr0.1_ln31_l21.0,gbdt,0.9941498608511761,0.9961135618258579,1.058,ring,0,5000,20,2
hgb_lr0.1_ln63_l20.0,gbdt,0.9927366106060335,0.9954427800066054,1.195,ring,0,5000,20,2
hgb_lr0.1_ln63_l21.0,gbdt,0.9933638684141131,0.9959369055452151,1.373,ring,0,5000,20,2
hgb_lr0.3_ln15_l20.0,gbdt,0.994521095064121,0.9953608524561623,0.472,ring,0,5000,20,2
hgb_lr0.3_ln15_l21.0,gbdt,0.9943444387834783,0.9950357024903415,0.389,ring,0,5000,20,2
hgb_lr0.3_ln31_l20.0,gbdt,0.9941114573119059,0.9956066351074916,0.452,ring,0,5000,20,2
hgb_lr0.3_ln31_l21.0,gbdt,0.9940704935366843,0.9948872088051635,0.505,ring,0,5000,20,2
hgb_lr0.3_ln63_l20.0,gbdt,0.9930054353809247,0.9952046780631303,0.442,ring,0,5000,20,2
hgb_lr0.3_ln63_l21.0,gbdt,0.9942522702892299,0.9956808819500805,0.819,ring,0,5000,20,2
knn1_std,knn,0.7181705065938877,0.7133239799379911,0.085,ring,0,5000,20,2
knn1_quant,knn,0.6745671281065263,0.6818215566746632,0.196,ring,0,5000,20,2
knn5_std,knn,0.8585559245140032,0.8553889126421891,0.13,ring,0,5000,20,2
knn5_quant,knn,0.8432418731710315,0.8338176446341294,0.252,ring,0,5000,20,2
knn15_std,knn,0.9311053306672743,0.928095773306468,0.129,ring,0,5000,20,2
knn15_quant,knn,0.9308377860103587,0.9301516427753982,0.243,ring,0,5000,20,2
knn31_std,knn,0.9604725171471803,0.9572824631518041,0.141,ring,0,5000,20,2
knn31_quant,knn,0.9619625744708632,0.962906021418934,0.265,ring,0,5000,20,2
svc_C0.1,svm,0.9973783183858224,0.9976369022169083,1.057,ring,0,5000,20,2
svc_C1,svm,0.9971914211613743,0.9973373546106009,0.572,ring,0,5000,20,2
svc_C10,svm,0.9951662745238601,0.9955989543996374,0.5,ring,0,5000,20,2
"mlp_(64,)_a0.0001",mlp,0.9935123620992911,0.994349559255381,4.783,ring,0,5000,20,2
"mlp_(64,)_a0.01",mlp,0.9934713983240696,0.9944519686934348,4.235,ring,0,5000,20,2
"mlp_(128, 64)_a0.0001",mlp,0.9940730537726357,0.9944417277496294,3.268,ring,0,5000,20,2
"mlp_(128, 64)_a0.01",mlp,0.9943188364239648,0.9945031734124617,3.445,ring,0,5000,20,2
gaussiannb,nb,0.9973322341386982,0.9976292215090543,0.016,ring,0,5000,20,2
dt_d3,tree,0.7258908981051693,0.7041058503951725,0.045,ring,0,5000,20,2
dt_d6,tree,0.8204301708445452,0.804331407182486,0.065,ring,0,5000,20,2
dt_dNone,tree,0.8452862215781807,0.871011472417298,0.199,ring,0,5000,20,2
logreg_C0.01_std,linear,0.8039678536773948,0.8032330659593588,0.037,ring,1,5000,20,2
logreg_C0.01_quant,linear,0.790754475932502,0.7906520664944482,0.131,ring,1,5000,20,2
logreg_C0.1_std,linear,0.8037451131496278,0.8027722234881167,0.048,ring,1,5000,20,2
logreg_C0.1_quant,linear,0.7905010125733188,0.7904242054947783,0.163,ring,1,5000,20,2
logreg_C1_std,linear,0.8036683060710875,0.8026646935781602,0.018,ring,1,5000,20,2
logreg_C1_quant,linear,0.7903832417195569,0.7903832417195569,0.29,ring,1,5000,20,2
logreg_C10_std,linear,0.803670866307039,0.8026390912186467,0.033,ring,1,5000,20,2
logreg_C10_quant,linear,0.7903755610117028,0.7903704405398001,0.203,ring,1,5000,20,2
logreg_C100_std,linear,0.8036759867789416,0.8026365309826953,0.045,ring,1,5000,20,2
logreg_C100_quant,linear,0.7903730007757515,0.7903730007757515,0.165,ring,1,5000,20,2
rf_dNone_fsqrt,rf,0.9859315034473577,0.9864102675702594,5.065,ring,1,5000,20,2
rf_dNone_f0.3,rf,0.984166220758905,0.9852389596225188,6.632,ring,1,5000,20,2
rf_dNone_f0.7,rf,0.9818300054533026,0.9815227771391412,14.781,ring,1,5000,20,2
rf_d4_fsqrt,rf,0.967481163063988,0.9651551887021907,1.789,ring,1,5000,20,2
rf_d4_f0.3,rf,0.9663367375937366,0.9651539085842151,2.263,ring,1,5000,20,2
rf_d4_f0.7,rf,0.9596340398731148,0.9587789210653653,4.513,ring,1,5000,20,2
rf_d8_fsqrt,rf,0.9743592369472771,0.976353660753375,2.373,ring,1,5000,20,2
rf_d8_f0.3,rf,0.9717977208779561,0.9725901139048975,3.634,ring,1,5000,20,2
rf_d8_f0.7,rf,0.967062564485943,0.9694410236847428,7.233,ring,1,5000,20,2
rf_d16_fsqrt,rf,0.9826287990701222,0.9834787974059691,3.944,ring,1,5000,20,2
rf_d16_f0.3,rf,0.9805703693652407,0.9825033475085064,4.893,ring,1,5000,20,2
rf_d16_f0.7,rf,0.9770487648141652,0.9782943196044949,10.663,ring,1,5000,20,2
et_dNone_fsqrt,et,0.9946260647381262,0.9958716195284558,1.435,ring,1,5000,20,2
et_dNone_f0.5,et,0.9920479071351216,0.992143915983297,2.205,ring,1,5000,20,2
et_d8_fsqrt,et,0.9917867630680843,0.9936813376720799,0.821,ring,1,5000,20,2
et_d8_f0.5,et,0.9864179482781134,0.9884507756234815,1.013,ring,1,5000,20,2
hgb_lr0.03_ln15_l20.0,gbdt,0.9896361648689543,0.9900560435649749,1.0,ring,1,5000,20,2
hgb_lr0.03_ln15_l21.0,gbdt,0.9898256223293539,0.9900355616773642,1.01,ring,1,5000,20,2
hgb_lr0.03_ln31_l20.0,gbdt,0.989641285340857,0.9897923392619864,1.552,ring,1,5000,20,2
hgb_lr0.03_ln31_l21.0,gbdt,0.9890268287125341,0.98884761219594,1.519,ring,1,5000,20,2
hgb_lr0.03_ln63_l20.0,gbdt,0.9888680940835507,0.9892598101841065,2.447,ring,1,5000,20,2
hgb_lr0.03_ln63_l21.0,gbdt,0.9884814984548976,0.9887119196905186,1.818,ring,1,5000,20,2
hgb_lr0.1_ln15_l20.0,gbdt,0.992088870910343,0.9918686906185274,0.827,ring,1,5000,20,2
hgb_lr0.1_ln15_l21.0,gbdt,0.9914692938101175,0.9924754665389963,0.799,ring,1,5000,20,2
hgb_lr0.1_ln31_l20.0,gbdt,0.9908599576536974,0.9920530276070243,0.893,ring,1,5000,20,2
hgb_lr0.1_ln31_l21.0,gbdt,0.990752427743741,0.9912311918666424,0.992,ring,1,5000,20,2
hgb_lr0.1_ln63_l20.0,gbdt,0.9898102609136459,0.9901482120592234,1.215,ring,1,5000,20,2
hgb_lr0.1_ln63_l21.0,gbdt,0.9903018262163041,0.9904682415531415,1.188,ring,1,5000,20,2
hgb_lr0.3_ln15_l20.0,gbdt,0.9911799871476155,0.9920555878429757,0.406,ring,1,5000,20,2
hgb_lr0.3_ln15_l21.0,gbdt,0.9909034816648702,0.9917432390569114,0.44,ring,1,5000,20,2
hgb_lr0.3_ln31_l20.0,gbdt,0.989574719206122,0.9905783316990495,0.33,ring,1,5000,20,2
hgb_lr0.3_ln31_l21.0,gbdt,0.9898461042169647,0.9902122179580071,0.31,ring,1,5000,20,2
hgb_lr0.3_ln63_l20.0,gbdt,0.9893852617457225,0.9903018262163041,0.69,ring,1,5000,20,2
hgb_lr0.3_ln63_l21.0,gbdt,0.9894390267007007,0.9896003215656355,0.412,ring,1,5000,20,2
knn1_std,knn,0.6995460701658265,0.6995614315815346,0.058,ring,1,5000,20,2
knn1_quant,knn,0.6551195758201076,0.6664281380171997,0.255,ring,1,5000,20,2
knn5_std,knn,0.8412244072413714,0.8457483441673984,0.065,ring,1,5000,20,2
knn5_quant,knn,0.8305712654478238,0.8280379119739675,0.161,ring,1,5000,20,2
knn15_std,knn,0.9127804418455205,0.9225003776348027,0.117,ring,1,5000,20,2
knn15_quant,knn,0.9136022775859023,0.9171123610751967,0.23,ring,1,5000,20,2
knn31_std,knn,0.9502494949934586,0.957822672937538,0.142,ring,1,5000,20,2
knn31_quant,knn,0.9523719305971238,0.9533384196687567,0.237,ring,1,5000,20,2
svc_C0.1,svm,0.9963414228255275,0.9973629569701143,1.004,ring,1,5000,20,2
svc_C1,svm,0.9959625079047285,0.9968739519034074,0.428,ring,1,5000,20,2
svc_C10,svm,0.9944724505810456,0.9958268153993073,0.505,ring,1,5000,20,2
"mlp_(64,)_a0.0001",mlp,0.9891753223977122,0.9943213966599161,3.586,ring,1,5000,20,2
"mlp_(64,)_a0.01",mlp,0.9894057436333332,0.994126818727614,4.721,ring,1,5000,20,2
"mlp_(128, 64)_a0.0001",mlp,0.9898128211495971,0.9928851042912115,2.96,ring,1,5000,20,2
"mlp_(128, 64)_a0.01",mlp,0.9899357124752617,0.9929004657069196,2.489,ring,1,5000,20,2
gaussiannb,nb,0.996210850792009,0.9975856974978814,0.042,ring,1,5000,20,2
dt_d3,tree,0.7302061758011618,0.7329801914544445,0.064,ring,1,5000,20,2
dt_d6,tree,0.8080552703737176,0.8175742276408193,0.091,ring,1,5000,20,2
dt_dNone,tree,0.8276231537498495,0.8495400536113409,0.258,ring,1,5000,20,2
logreg_C0.01_std,linear,0.8228649552342744,0.808143598514039,0.037,ring,2,5000,20,2
logreg_C0.01_quant,linear,0.811553832801231,0.7956138037681553,0.082,ring,2,5000,20,2
logreg_C0.1_std,linear,0.8227983890995393,0.8078850146829532,0.033,ring,2,5000,20,2
logreg_C0.1_quant,linear,0.8113874174643935,0.7954883522065394,0.172,ring,2,5000,20,2
logreg_C1_std,linear,0.8227855879197827,0.8078568520874883,0.015,ring,2,5000,20,2
logreg_C1_quant,linear,0.8113566946329773,0.7954422679594152,0.114,ring,2,5000,20,2
logreg_C10_std,linear,0.82278046744788,0.8078491713796343,0.015,ring,2,5000,20,2
logreg_C10_quant,linear,0.8113515741610747,0.7954473884313179,0.122,ring,2,5000,20,2
logreg_C100_std,linear,0.82278046744788,0.8078491713796344,0.04,ring,2,5000,20,2
logreg_C100_quant,linear,0.8113566946329774,0.7954448281953665,0.18,ring,2,5000,20,2
rf_dNone_fsqrt,rf,0.9930950436392217,0.9907242651482762,5.179,ring,2,5000,20,2
rf_dNone_f0.3,rf,0.9902519016152529,0.989746255014862,7.234,ring,2,5000,20,2
rf_dNone_f0.7,rf,0.9877966353379128,0.9853784924818672,15.787,ring,2,5000,20,2
rf_d4_fsqrt,rf,0.9683068391582967,0.9646405812759704,1.774,ring,2,5000,20,2
rf_d4_f0.3,rf,0.968986581803379,0.9631838070196549,2.134,ring,2,5000,20,2
rf_d4_f0.7,rf,0.9596865247101173,0.9567396931301189,4.375,ring,2,5000,20,2
rf_d8_fsqrt,rf,0.982841298654084,0.9765789615170933,2.595,ring,2,5000,20,2
rf_d8_f0.3,rf,0.9793926608276219,0.9733377028026904,3.709,ring,2,5000,20,2
rf_d8_f0.7,rf,0.9754473372265988,0.9698954655661065,7.597,ring,2,5000,20,2
rf_d16_fsqrt,rf,0.9908983611929676,0.9869991218390688,4.121,ring,2,5000,20,2
rf_d16_f0.3,rf,0.9876212591752455,0.9858572566047688,5.525,ring,2,5000,20,2
rf_d16_f0.7,rf,0.9848049996287658,0.9812897956675688,11.282,ring,2,5000,20,2
et_dNone_fsqrt,et,0.9982155155419125,0.9958946616520179,1.61,ring,2,5000,20,2
et_dNone_f0.5,et,0.996730578690132,0.9942433094634001,2.181,ring,2,5000,20,2
et_d8_fsqrt,et,0.9978135584975512,0.9949921784791687,0.836,ring,2,5000,20,2
et_d8_f0.5,et,0.993540524694756,0.9893366172626469,1.358,ring,2,5000,20,2
hgb_lr0.03_ln15_l20.0,gbdt,0.9961724472527388,0.9932537782682053,1.045,ring,2,5000,20,2
hgb_lr0.03_ln15_l21.0,gbdt,0.9958959417699935,0.9927314901341308,1.467,ring,2,5000,20,2
hgb_lr0.03_ln31_l20.0,gbdt,0.995803773275745,0.9926521228196391,1.628,ring,2,5000,20,2
hgb_lr0.03_ln31_l21.0,gbdt,0.9959855500282906,0.9921682382248347,1.584,ring,2,5000,20,2
hgb_lr0.03_ln63_l20.0,gbdt,0.9954376595347028,0.9918814917982841,2.771,ring,2,5000,20,2
hgb_lr0.03_ln63_l21.0,gbdt,0.9954555811863621,0.9909188430805782,2.089,ring,2,5000,20,2
hgb_lr0.1_ln15_l20.0,gbdt,0.9973706376779684,0.9940935356602465,0.666,ring,2,5000,20,2
hgb_lr0.1_ln15_l21.0,gbdt,0.996937957802191,0.9934662778521668,0.63,ring,2,5000,20,2
hgb_lr0.1_ln31_l20.0,gbdt,0.9966537716115917,0.9930694412797083,0.867,ring,2,5000,20,2
hgb_lr0.1_ln31_l21.0,gbdt,0.9964284708478733,0.9920914311462945,0.828,ring,2,5000,20,2
hgb_lr0.1_ln63_l20.0,gbdt,0.9954811835458756,0.9919480579330191,1.102,ring,2,5000,20,2
hgb_lr0.1_ln63_l21.0,gbdt,0.9962722964548413,0.9918866122701868,1.425,ring,2,5000,20,2
hgb_lr0.3_ln15_l20.0,gbdt,0.9961673267808362,0.9941396199073707,0.293,ring,2,5000,20,2
hgb_lr0.3_ln15_l21.0,gbdt,0.996781783409159,0.9921119130339052,0.407,ring,2,5000,20,2
hgb_lr0.3_ln31_l20.0,gbdt,0.996144284657274,0.991925015809457,0.349,ring,2,5000,20,2
hgb_lr0.3_ln31_l21.0,gbdt,0.9957167252533994,0.9922962500224022,0.524,ring,2,5000,20,2
hgb_lr0.3_ln63_l20.0,gbdt,0.9962390133874738,0.992687966122958,0.688,ring,2,5000,20,2
hgb_lr0.3_ln63_l21.0,gbdt,0.9957628095005235,0.9911057403050265,0.509,ring,2,5000,20,2
knn1_std,knn,0.7213861629487773,0.7165242748771727,0.094,ring,2,5000,20,2
knn1_quant,knn,0.6898991011011575,0.6801753249579482,0.222,ring,2,5000,20,2
knn5_std,knn,0.85957745865859,0.8551802534121545,0.102,ring,2,5000,20,2
knn5_quant,knn,0.8397893949906423,0.8316657663170238,0.23,ring,2,5000,20,2
knn15_std,knn,0.9330114263330508,0.9281456979075191,0.122,ring,2,5000,20,2
knn15_quant,knn,0.9349853682515381,0.9215838131642212,0.257,ring,2,5000,20,2
knn31_std,knn,0.9674990847156474,0.9574552790785198,0.153,ring,2,5000,20,2
knn31_quant,knn,0.9717426758050022,0.9610140070508897,0.278,ring,2,5000,20,2
svc_C0.1,svm,0.9993292181807476,0.9974679266441195,0.912,ring,2,5000,20,2
svc_C1,svm,0.9991679233158127,0.996945638510045,0.683,ring,2,5000,20,2
svc_C10,svm,0.9983435273394796,0.9951445125182737,0.664,ring,2,5000,20,2
"mlp_(64,)_a0.0001",mlp,0.9953531717483084,0.9928697428755033,4.473,ring,2,5000,20,2
"mlp_(64,)_a0.01",mlp,0.9952482020743032,0.9929158271226276,4.433,ring,2,5000,20,2
"mlp_(128, 64)_a0.0001",mlp,0.9968611507236508,0.9911006198331239,2.973,ring,2,5000,20,2
"mlp_(128, 64)_a0.01",mlp,0.9969917227571694,0.9911262221926372,3.313,ring,2,5000,20,2
gaussiannb,nb,0.9993753024278718,0.9973731979139198,0.035,ring,2,5000,20,2
dt_d3,tree,0.7235610833894452,0.7313966855185374,0.074,ring,2,5000,20,2
dt_d6,tree,0.8272096756437073,0.8091036869957935,0.086,ring,2,5000,20,2
dt_dNone,tree,0.8750502446305451,0.8420859266389991,0.211,ring,2,5000,20,2
logreg_C0.01_std,linear,0.9705056384284374,0.970766824550371,0.097,satimage,0,5000,36,6
logreg_C0.01_quant,linear,0.9684566194348552,0.9673258942450172,0.387,satimage,0,5000,36,6
logreg_C0.1_std,linear,0.9758615072246025,0.9751436406802485,0.126,satimage,0,5000,36,6
logreg_C0.1_quant,linear,0.9731479095117398,0.9718064183077083,0.439,satimage,0,5000,36,6
logreg_C1_std,linear,0.9773498221342524,0.9762945051885391,0.185,satimage,0,5000,36,6
logreg_C1_quant,linear,0.9750026653245017,0.9719168445435713,0.386,satimage,0,5000,36,6
logreg_C10_std,linear,0.9770151536727917,0.9751980864068807,0.343,satimage,0,5000,36,6
logreg_C10_quant,linear,0.9743742129141704,0.970435625641258,0.601,satimage,0,5000,36,6
logreg_C100_std,linear,0.9764705856975913,0.9742368118123088,0.539,satimage,0,5000,36,6
logreg_C100_quant,linear,0.9737072286563054,0.9698020595515578,0.785,satimage,0,5000,36,6
rf_dNone_fsqrt,rf,0.9879125839799556,0.9862603202274505,2.542,satimage,0,5000,36,6
rf_dNone_f0.3,rf,0.9878074347588872,0.985379941749156,3.688,satimage,0,5000,36,6
rf_dNone_f0.7,rf,0.9874570947625715,0.9860879375559612,7.834,satimage,0,5000,36,6
rf_d4_fsqrt,rf,0.9713741200733308,0.9721220566885592,1.513,satimage,0,5000,36,6
rf_d4_f0.3,rf,0.9697560508781913,0.9699934610462883,1.824,satimage,0,5000,36,6
rf_d4_f0.7,rf,0.9664967100661234,0.968881157978407,3.251,satimage,0,5000,36,6
rf_d8_fsqrt,rf,0.9853534860712404,0.9847062241616094,2.1,satimage,0,5000,36,6
rf_d8_f0.3,rf,0.9856052008711087,0.9849131239157108,2.917,satimage,0,5000,36,6
rf_d8_f0.7,rf,0.9848819372689879,0.9843291375425967,5.552,satimage,0,5000,36,6
rf_d16_fsqrt,rf,0.9878761700050186,0.9864274038909412,2.503,satimage,0,5000,36,6
rf_d16_f0.3,rf,0.9880141555886843,0.9859935488563171,3.892,satimage,0,5000,36,6
rf_d16_f0.7,rf,0.9870724095771674,0.9857090886438735,7.439,satimage,0,5000,36,6
et_dNone_fsqrt,et,0.9890313895862698,0.9876411465469599,1.723,satimage,0,5000,36,6
et_dNone_f0.5,et,0.9895324462517568,0.9880299953683194,2.501,satimage,0,5000,36,6
et_d8_fsqrt,et,0.9839802134896517,0.9836599028752024,1.074,satimage,0,5000,36,6
et_d8_f0.5,et,0.9857204361778252,0.9848653374518112,1.608,satimage,0,5000,36,6
hgb_lr0.03_ln15_l20.0,gbdt,0.9869098336953411,0.9868135511626256,3.558,satimage,0,5000,36,6
hgb_lr0.03_ln15_l21.0,gbdt,0.9868401218168703,0.9865975147978675,3.931,satimage,0,5000,36,6
hgb_lr0.03_ln31_l20.0,gbdt,0.9865769648810195,0.9868530227560887,5.824,satimage,0,5000,36,6
hgb_lr0.03_ln31_l21.0,gbdt,0.9868538822951186,0.9866138543493491,5.321,satimage,0,5000,36,6
hgb_lr0.03_ln63_l20.0,gbdt,0.9865491818910636,0.9864677610040978,8.473,satimage,0,5000,36,6
hgb_lr0.03_ln63_l21.0,gbdt,0.9866525369612456,0.9866530070787607,4.995,satimage,0,5000,36,6
hgb_lr0.1_ln15_l20.0,gbdt,0.9864146401271099,0.9873941678371034,1.433,satimage,0,5000,36,6
hgb_lr0.1_ln15_l21.0,gbdt,0.9871380748200136,0.9873264851466458,1.675,satimage,0,5000,36,6
hgb_lr0.1_ln31_l20.0,gbdt,0.9871268851965397,0.9868638665146601,1.731,satimage,0,5000,36,6
hgb_lr0.1_ln31_l21.0,gbdt,0.9871637687467247,0.9869947581980494,1.57,satimage,0,5000,36,6
hgb_lr0.1_ln63_l20.0,gbdt,0.9866693904140984,0.9864107579561,2.908,satimage,0,5000,36,6
hgb_lr0.1_ln63_l21.0,gbdt,0.9861473043021407,0.9865306911846857,1.888,satimage,0,5000,36,6
hgb_lr0.3_ln15_l20.0,gbdt,0.985363821221088,0.9867401625657708,0.717,satimage,0,5000,36,6
hgb_lr0.3_ln15_l21.0,gbdt,0.9858888972457615,0.9868828171919167,0.697,satimage,0,5000,36,6
hgb_lr0.3_ln31_l20.0,gbdt,0.9858023404491344,0.986993675952096,0.897,satimage,0,5000,36,6
hgb_lr0.3_ln31_l21.0,gbdt,0.9853342145997939,0.9870276597939625,1.038,satimage,0,5000,36,6
hgb_lr0.3_ln63_l20.0,gbdt,0.986001354791553,0.9872220667246766,1.433,satimage,0,5000,36,6
hgb_lr0.3_ln63_l21.0,gbdt,0.9852272800651863,0.9864839104513532,1.138,satimage,0,5000,36,6
knn1_std,knn,0.9196903334524446,0.92860064382278,0.128,satimage,0,5000,36,6
knn1_quant,knn,0.9173517428909014,0.9317224962244728,0.302,satimage,0,5000,36,6
knn5_std,knn,0.9671266466006724,0.9756165811632541,0.143,satimage,0,5000,36,6
knn5_quant,knn,0.9759177918975084,0.9721715622328543,0.287,satimage,0,5000,36,6
knn15_std,knn,0.9787858835307689,0.9826670705551663,0.15,satimage,0,5000,36,6
knn15_quant,knn,0.9815648917935219,0.9802744137923867,0.37,satimage,0,5000,36,6
knn31_std,knn,0.9805515705692734,0.9817874611691505,0.203,satimage,0,5000,36,6
knn31_quant,knn,0.981196875250371,0.9813126643488825,0.369,satimage,0,5000,36,6
svc_C0.1,svm,0.9772197362466263,0.976994914470451,2.546,satimage,0,5000,36,6
svc_C1,svm,0.9837541316657368,0.9813250340003545,1.468,satimage,0,5000,36,6
svc_C10,svm,0.9862603775808106,0.9844226503668526,1.348,satimage,0,5000,36,6
"mlp_(64,)_a0.0001",mlp,0.9863070188379098,0.985435776638976,4.762,satimage,0,5000,36,6
"mlp_(64,)_a0.01",mlp,0.9863761947777614,0.9855971898467665,4.691,satimage,0,5000,36,6
"mlp_(128, 64)_a0.0001",mlp,0.9862489465323422,0.9858071960424901,10.628,satimage,0,5000,36,6
"mlp_(128, 64)_a0.01",mlp,0.9866096134923151,0.9857423863244135,10.613,satimage,0,5000,36,6
gaussiannb,nb,0.957136736548092,0.9581805347073945,0.061,satimage,0,5000,36,6
dt_d3,tree,0.8974613698587915,0.9017666477860878,0.073,satimage,0,5000,36,6
dt_d6,tree,0.9462601470510882,0.9502140567223778,0.083,satimage,0,5000,36,6
dt_dNone,tree,0.9050845542482416,0.8968771236008677,0.119,satimage,0,5000,36,6
logreg_C0.01_std,linear,0.9717786855419425,0.9645863350737859,0.115,satimage,1,5000,36,6
logreg_C0.01_quant,linear,0.9690197952492543,0.9607837555953118,0.284,satimage,1,5000,36,6
logreg_C0.1_std,linear,0.9772144693124308,0.9691974671188207,0.132,satimage,1,5000,36,6
logreg_C0.1_quant,linear,0.9745917513316478,0.964763809382216,0.386,satimage,1,5000,36,6
logreg_C1_std,linear,0.9788693491323652,0.9707260056780868,0.187,satimage,1,5000,36,6
logreg_C1_quant,linear,0.9759210209610956,0.9662912719968645,0.355,satimage,1,5000,36,6
logreg_C10_std,linear,0.9784528909941278,0.9696549240164926,0.368,satimage,1,5000,36,6
logreg_C10_quant,linear,0.9753156763978109,0.9655805493875076,0.602,satimage,1,5000,36,6
logreg_C100_std,linear,0.9779400461444904,0.9687350686423981,0.407,satimage,1,5000,36,6
logreg_C100_quant,linear,0.9748629769650217,0.965437895037485,0.659,satimage,1,5000,36,6
rf_dNone_fsqrt,rf,0.9897082921832888,0.9828826223293058,2.955,satimage,1,5000,36,6
rf_dNone_f0.3,rf,0.9896803002622953,0.9833408757329005,3.926,satimage,1,5000,36,6
rf_dNone_f0.7,rf,0.9885676271337172,0.9819148436662094,7.386,satimage,1,5000,36,6
rf_d4_fsqrt,rf,0.9740998152819911,0.9670412610612344,1.773,satimage,1,5000,36,6
rf_d4_f0.3,rf,0.9732744220363339,0.9665884755183249,2.007,satimage,1,5000,36,6
rf_d4_f0.7,rf,0.9709509728517021,0.9654507203093128,3.609,satimage,1,5000,36,6
rf_d8_fsqrt,rf,0.9870274818249297,0.9805118141245966,2.378,satimage,1,5000,36,6
rf_d8_f0.3,rf,0.9868763998962339,0.9812837717069786,2.699,satimage,1,5000,36,6
rf_d8_f0.7,rf,0.986721757500027,0.980202781497905,6.243,satimage,1,5000,36,6
rf_d16_fsqrt,rf,0.9895705701948825,0.9832714899290579,2.689,satimage,1,5000,36,6
rf_d16_f0.3,rf,0.9897736189614407,0.9827119060066871,3.801,satimage,1,5000,36,6
rf_d16_f0.7,rf,0.988574791958097,0.9817584067722404,7.708,satimage,1,5000,36,6
et_dNone_fsqrt,et,0.9907125902080987,0.9845111253335609,2.41,satimage,1,5000,36,6
et_dNone_f0.5,et,0.9909678923164383,0.9850746449075095,2.806,satimage,1,5000,36,6
et_d8_fsqrt,et,0.9855061316795064,0.9801271227420854,1.074,satimage,1,5000,36,6
et_d8_f0.5,et,0.9869918882978105,0.98186460674204,1.541,satimage,1,5000,36,6
hgb_lr0.03_ln15_l20.0,gbdt,0.9886067423932681,0.9837459431776877,3.595,satimage,1,5000,36,6
hgb_lr0.03_ln15_l21.0,gbdt,0.9884418435003957,0.9830008455467866,3.485,satimage,1,5000,36,6
hgb_lr0.03_ln31_l20.0,gbdt,0.9886379912396815,0.9833960153311881,5.831,satimage,1,5000,36,6
hgb_lr0.03_ln31_l21.0,gbdt,0.9888800917268763,0.9839945716477926,4.475,satimage,1,5000,36,6
hgb_lr0.03_ln63_l20.0,gbdt,0.9887814532930294,0.9834153180404096,8.888,satimage,1,5000,36,6
hgb_lr0.03_ln63_l21.0,gbdt,0.9886932318745973,0.9838288055240292,5.192,satimage,1,5000,36,6
hgb_lr0.1_ln15_l20.0,gbdt,0.9885420900528382,0.9838276768270423,1.673,satimage,1,5000,36,6
hgb_lr0.1_ln15_l21.0,gbdt,0.9893410235472038,0.9836375120625998,1.905,satimage,1,5000,36,6
hgb_lr0.1_ln31_l20.0,gbdt,0.9888422657234058,0.9841022368445204,1.994,satimage,1,5000,36,6
hgb_lr0.1_ln31_l21.0,gbdt,0.9889595005885793,0.9839743942036643,1.856,satimage,1,5000,36,6
hgb_lr0.1_ln63_l20.0,gbdt,0.9889046536717508,0.9830081754241835,3.216,satimage,1,5000,36,6
hgb_lr0.1_ln63_l21.0,gbdt,0.9888570682330488,0.9839949821449872,2.104,satimage,1,5000,36,6
hgb_lr0.3_ln15_l20.0,gbdt,0.9885112363510835,0.9821917727736172,0.704,satimage,1,5000,36,6
hgb_lr0.3_ln15_l21.0,gbdt,0.9895883323138968,0.9815733566940912,0.611,satimage,1,5000,36,6
hgb_lr0.3_ln31_l20.0,gbdt,0.9887928716348787,0.9822983607451695,0.908,satimage,1,5000,36,6
hgb_lr0.3_ln31_l21.0,gbdt,0.9886949251205065,0.9833432486329944,0.845,satimage,1,5000,36,6
hgb_lr0.3_ln63_l20.0,gbdt,0.9883215842930463,0.9834615750248247,1.771,satimage,1,5000,36,6
hgb_lr0.3_ln63_l21.0,gbdt,0.9886057362153151,0.9825960567503377,1.074,satimage,1,5000,36,6
knn1_std,knn,0.9325002735685021,0.9221992109704248,0.134,satimage,1,5000,36,6
knn1_quant,knn,0.9308583546258044,0.9259592322239504,0.344,satimage,1,5000,36,6
knn5_std,knn,0.9813351338799085,0.9702637795681638,0.13,satimage,1,5000,36,6
knn5_quant,knn,0.9814568816217033,0.9704093854605231,0.424,satimage,1,5000,36,6
knn15_std,knn,0.9847448666304696,0.9785754644827643,0.135,satimage,1,5000,36,6
knn15_quant,knn,0.983606970205861,0.9786750394096558,0.347,satimage,1,5000,36,6
knn31_std,knn,0.9834168131400869,0.9791808885562948,0.237,satimage,1,5000,36,6
knn31_quant,knn,0.982773459496428,0.9770014932787637,0.395,satimage,1,5000,36,6
svc_C0.1,svm,0.9793767490289137,0.9719846449950341,2.842,satimage,1,5000,36,6
svc_C1,svm,0.984967294580173,0.9776569202266855,1.271,satimage,1,5000,36,6
svc_C10,svm,0.987549512111972,0.9793120657269273,1.224,satimage,1,5000,36,6
"mlp_(64,)_a0.0001",mlp,0.9877026626532919,0.9819128120254491,4.77,satimage,1,5000,36,6
"mlp_(64,)_a0.01",mlp,0.9877840605733409,0.9819962700218836,4.581,satimage,1,5000,36,6
"mlp_(128, 64)_a0.0001",mlp,0.9886701647715083,0.9840617813236169,11.931,satimage,1,5000,36,6
"mlp_(128, 64)_a0.01",mlp,0.9881908688603372,0.9842184014244103,11.704,satimage,1,5000,36,6
gaussiannb,nb,0.9585350231976485,0.9515335047371578,0.055,satimage,1,5000,36,6
dt_d3,tree,0.8976108883957442,0.9048232858871565,0.043,satimage,1,5000,36,6
dt_d6,tree,0.9303173822180174,0.9331520648122463,0.044,satimage,1,5000,36,6
dt_dNone,tree,0.8996625610147899,0.8964593256668225,0.111,satimage,1,5000,36,6
logreg_C0.01_std,linear,0.9697939978238348,0.9665360866676828,0.107,satimage,2,5000,36,6
logreg_C0.01_quant,linear,0.9665359129953902,0.9625037456641445,0.352,satimage,2,5000,36,6
logreg_C0.1_std,linear,0.9751274703707659,0.9716927962403924,0.156,satimage,2,5000,36,6
logreg_C0.1_quant,linear,0.9706573566734407,0.9668873491923154,0.347,satimage,2,5000,36,6
logreg_C1_std,linear,0.97551292388806,0.9733058601329607,0.208,satimage,2,5000,36,6
logreg_C1_quant,linear,0.9706129277584074,0.96793827211711,0.439,satimage,2,5000,36,6
logreg_C10_std,linear,0.9740762153865955,0.9726840389862118,0.347,satimage,2,5000,36,6
logreg_C10_quant,linear,0.96922517987318,0.9676332358141625,0.518,satimage,2,5000,36,6
logreg_C100_std,linear,0.973157214674603,0.9715182091862116,0.443,satimage,2,5000,36,6
logreg_C100_quant,linear,0.9685142920563538,0.9671455157047055,0.649,satimage,2,5000,36,6
rf_dNone_fsqrt,rf,0.9892842468458447,0.9884307349798114,2.499,satimage,2,5000,36,6
rf_dNone_f0.3,rf,0.988012231345324,0.9882673747326517,4.142,satimage,2,5000,36,6
rf_dNone_f0.7,rf,0.987200673405762,0.9870312467887207,7.46,satimage,2,5000,36,6
rf_d4_fsqrt,rf,0.9743508681200755,0.9707156340041366,1.57,satimage,2,5000,36,6
rf_d4_f0.3,rf,0.9727676008580475,0.9680058750623793,2.282,satimage,2,5000,36,6
rf_d4_f0.7,rf,0.9660620120456834,0.9627908970641156,3.938,satimage,2,5000,36,6
rf_d8_fsqrt,rf,0.9860789881429562,0.9856718372879484,2.502,satimage,2,5000,36,6
rf_d8_f0.3,rf,0.986391746283679,0.9857606497155488,2.979,satimage,2,5000,36,6
rf_d8_f0.7,rf,0.9853642881177954,0.985144060006478,5.959,satimage,2,5000,36,6
rf_d16_fsqrt,rf,0.988654091496616,0.9881679505915621,2.743,satimage,2,5000,36,6
rf_d16_f0.3,rf,0.9882200993821688,0.9880109367206681,3.619,satimage,2,5000,36,6
rf_d16_f0.7,rf,0.9876187366305182,0.9874318294067548,7.59,satimage,2,5000,36,6
et_dNone_fsqrt,et,0.9888067871538052,0.9883530913210826,1.62,satimage,2,5000,36,6
et_dNone_f0.5,et,0.9893000704892984,0.9888077635009273,2.875,satimage,2,5000,36,6
et_d8_fsqrt,et,0.9842107124909355,0.9825859463959988,1.05,satimage,2,5000,36,6
et_d8_f0.5,et,0.9859524929022028,0.9847031632780099,1.759,satimage,2,5000,36,6
hgb_lr0.03_ln15_l20.0,gbdt,0.9861402768530905,0.9839202325054154,2.968,satimage,2,5000,36,6
hgb_lr0.03_ln15_l21.0,gbdt,0.9859047176843712,0.984290148683214,3.707,satimage,2,5000,36,6
hgb_lr0.03_ln31_l20.0,gbdt,0.9860449321888588,0.9849210280572902,3.923,satimage,2,5000,36,6
hgb_lr0.03_ln31_l21.0,gbdt,0.9858220641965404,0.9843222949089959,3.785,satimage,2,5000,36,6
hgb_lr0.03_ln63_l20.0,gbdt,0.986240203128557,0.9848347126065548,7.298,satimage,2,5000,36,6
hgb_lr0.03_ln63_l21.0,gbdt,0.9856490505402183,0.9845182154175824,3.515,satimage,2,5000,36,6
hgb_lr0.1_ln15_l20.0,gbdt,0.9863419701952445,0.9835958006384967,1.233,satimage,2,5000,36,6
hgb_lr0.1_ln15_l21.0,gbdt,0.9855959715992905,0.9841536026702328,1.294,satimage,2,5000,36,6
hgb_lr0.1_ln31_l20.0,gbdt,0.9860943029719725,0.9851485022918194,1.722,satimage,2,5000,36,6
hgb_lr0.1_ln31_l21.0,gbdt,0.9862529165826137,0.9847560724402294,1.593,satimage,2,5000,36,6
hgb_lr0.1_ln63_l20.0,gbdt,0.9866269179433641,0.9850809338944386,2.816,satimage,2,5000,36,6
hgb_lr0.1_ln63_l21.0,gbdt,0.9857517464836048,0.9847542372674701,1.646,satimage,2,5000,36,6
hgb_lr0.3_ln15_l20.0,gbdt,0.9861928934190135,0.983305906110925,0.733,satimage,2,5000,36,6
hgb_lr0.3_ln15_l21.0,gbdt,0.9863522452685104,0.9844352764178922,0.804,satimage,2,5000,36,6
hgb_lr0.3_ln31_l20.0,gbdt,0.9849858328756061,0.9851511746018066,0.857,satimage,2,5000,36,6
hgb_lr0.3_ln31_l21.0,gbdt,0.9863778174935144,0.9845045966752327,0.942,satimage,2,5000,36,6
hgb_lr0.3_ln63_l20.0,gbdt,0.9858888503698998,0.9849333052362427,1.464,satimage,2,5000,36,6
hgb_lr0.3_ln63_l21.0,gbdt,0.9863836842387684,0.985605011928755,0.747,satimage,2,5000,36,6
knn1_std,knn,0.9243132834184243,0.9265498172619355,0.134,satimage,2,5000,36,6
knn1_quant,knn,0.9239822147884245,0.9247697561249778,0.372,satimage,2,5000,36,6
knn5_std,knn,0.9751977026550728,0.9727936823061509,0.147,satimage,2,5000,36,6
knn5_quant,knn,0.9733900788283286,0.9743852131357013,0.369,satimage,2,5000,36,6
knn15_std,knn,0.981189522997388,0.9812828555335424,0.159,satimage,2,5000,36,6
knn15_quant,knn,0.9804693108472883,0.981501161021702,0.384,satimage,2,5000,36,6
knn31_std,knn,0.9825325369342351,0.9804743033389641,0.198,satimage,2,5000,36,6
knn31_quant,knn,0.9820305108958589,0.9805145487897393,0.415,satimage,2,5000,36,6
svc_C0.1,svm,0.9782134157518184,0.9763838738185976,2.366,satimage,2,5000,36,6
svc_C1,svm,0.9829301943180756,0.9814105225300512,1.411,satimage,2,5000,36,6
svc_C10,svm,0.9853996543032605,0.9833393407130893,1.311,satimage,2,5000,36,6
"mlp_(64,)_a0.0001",mlp,0.9842413609915303,0.984776347605561,4.604,satimage,2,5000,36,6
"mlp_(64,)_a0.01",mlp,0.984306938254852,0.9849206511184363,4.52,satimage,2,5000,36,6
"mlp_(128, 64)_a0.0001",mlp,0.9844525123282136,0.9829432442902887,10.218,satimage,2,5000,36,6
"mlp_(128, 64)_a0.01",mlp,0.9847537570149534,0.9839180520368763,10.354,satimage,2,5000,36,6
gaussiannb,nb,0.9586623846332595,0.9538813947558543,0.059,satimage,2,5000,36,6
dt_d3,tree,0.8847045209640777,0.8849157817550733,0.084,satimage,2,5000,36,6
dt_d6,tree,0.9377538566280553,0.9218859042094493,0.087,satimage,2,5000,36,6
dt_dNone,tree,0.8891282071074696,0.8787801204945618,0.124,satimage,2,5000,36,6
logreg_C0.01_std,linear,0.8779761904761905,0.8005952380952381,0.013,sonar,0,208,60,2
logreg_C0.01_quant,linear,0.8616071428571428,0.8110119047619048,0.175,sonar,0,208,60,2
logreg_C0.1_std,linear,0.8854166666666666,0.8110119047619048,0.022,sonar,0,208,60,2
logreg_C0.1_quant,linear,0.8452380952380952,0.8422619047619048,0.175,sonar,0,208,60,2
logreg_C1_std,linear,0.8794642857142857,0.8184523809523809,0.012,sonar,0,208,60,2
logreg_C1_quant,linear,0.8333333333333334,0.8526785714285714,0.181,sonar,0,208,60,2
logreg_C10_std,linear,0.8690476190476191,0.8199404761904762,0.024,sonar,0,208,60,2
logreg_C10_quant,linear,0.8333333333333334,0.8616071428571428,0.207,sonar,0,208,60,2
logreg_C100_std,linear,0.8571428571428572,0.8184523809523809,0.023,sonar,0,208,60,2
logreg_C100_quant,linear,0.8363095238095238,0.863095238095238,0.15,sonar,0,208,60,2
rf_dNone_fsqrt,rf,0.9285714285714285,0.8831845238095237,0.818,sonar,0,208,60,2
rf_dNone_f0.3,rf,0.921875,0.8839285714285714,0.918,sonar,0,208,60,2
rf_dNone_f0.7,rf,0.8973214285714286,0.8556547619047619,0.861,sonar,0,208,60,2
rf_d4_fsqrt,rf,0.925595238095238,0.8779761904761905,0.582,sonar,0,208,60,2
rf_d4_f0.3,rf,0.9166666666666667,0.8824404761904762,0.691,sonar,0,208,60,2
rf_d4_f0.7,rf,0.8973214285714286,0.8541666666666667,0.871,sonar,0,208,60,2
rf_d8_fsqrt,rf,0.9285714285714286,0.8824404761904762,0.858,sonar,0,208,60,2
rf_d8_f0.3,rf,0.921875,0.8839285714285714,0.929,sonar,0,208,60,2
rf_d8_f0.7,rf,0.8980654761904763,0.8556547619047619,1.129,sonar,0,208,60,2
rf_d16_fsqrt,rf,0.9285714285714285,0.8831845238095237,0.978,sonar,0,208,60,2
rf_d16_f0.3,rf,0.921875,0.8839285714285714,1.015,sonar,0,208,60,2
rf_d16_f0.7,rf,0.8973214285714286,0.8556547619047619,1.421,sonar,0,208,60,2
et_dNone_fsqrt,et,0.9642857142857143,0.9136904761904762,0.631,sonar,0,208,60,2
et_dNone_f0.5,et,0.9732142857142857,0.9248511904761905,0.695,sonar,0,208,60,2
et_d8_fsqrt,et,0.9657738095238095,0.894345238095238,0.423,sonar,0,208,60,2
et_d8_f0.5,et,0.9717261904761905,0.9330357142857142,0.697,sonar,0,208,60,2
hgb_lr0.03_ln15_l20.0,gbdt,0.9270833333333334,0.8482142857142857,0.204,sonar,0,208,60,2
hgb_lr0.03_ln15_l21.0,gbdt,0.8735119047619048,0.8229166666666666,0.1,sonar,0,208,60,2
hgb_lr0.03_ln31_l20.0,gbdt,0.9270833333333334,0.8482142857142857,0.276,sonar,0,208,60,2
hgb_lr0.03_ln31_l21.0,gbdt,0.8735119047619048,0.8229166666666666,0.083,sonar,0,208,60,2
hgb_lr0.03_ln63_l20.0,gbdt,0.9270833333333334,0.8482142857142857,0.282,sonar,0,208,60,2
hgb_lr0.03_ln63_l21.0,gbdt,0.8735119047619048,0.8229166666666666,0.082,sonar,0,208,60,2
hgb_lr0.1_ln15_l20.0,gbdt,0.949404761904762,0.8794642857142857,0.135,sonar,0,208,60,2
hgb_lr0.1_ln15_l21.0,gbdt,0.8727678571428571,0.7991071428571428,0.043,sonar,0,208,60,2
hgb_lr0.1_ln31_l20.0,gbdt,0.949404761904762,0.8794642857142857,0.207,sonar,0,208,60,2
hgb_lr0.1_ln31_l21.0,gbdt,0.8727678571428571,0.7991071428571428,0.047,sonar,0,208,60,2
hgb_lr0.1_ln63_l20.0,gbdt,0.949404761904762,0.8794642857142857,0.15,sonar,0,208,60,2
hgb_lr0.1_ln63_l21.0,gbdt,0.8727678571428571,0.7991071428571428,0.067,sonar,0,208,60,2
hgb_lr0.3_ln15_l20.0,gbdt,0.9508928571428571,0.8764880952380953,0.063,sonar,0,208,60,2
hgb_lr0.3_ln15_l21.0,gbdt,0.9315476190476191,0.8705357142857143,0.072,sonar,0,208,60,2
hgb_lr0.3_ln31_l20.0,gbdt,0.9508928571428571,0.8764880952380953,0.068,sonar,0,208,60,2
hgb_lr0.3_ln31_l21.0,gbdt,0.9315476190476191,0.8705357142857143,0.079,sonar,0,208,60,2
hgb_lr0.3_ln63_l20.0,gbdt,0.9508928571428571,0.8764880952380953,0.079,sonar,0,208,60,2
hgb_lr0.3_ln63_l21.0,gbdt,0.9315476190476191,0.8705357142857143,0.075,sonar,0,208,60,2
knn1_std,knn,0.8482142857142857,0.8869047619047619,0.009,sonar,0,208,60,2
knn1_quant,knn,0.9017857142857143,0.7857142857142857,0.157,sonar,0,208,60,2
knn5_std,knn,0.8950892857142857,0.918154761904762,0.021,sonar,0,208,60,2
knn5_quant,knn,0.9196428571428572,0.8095238095238095,0.201,sonar,0,208,60,2
knn15_std,knn,0.8377976190476191,0.8206845238095238,0.013,sonar,0,208,60,2
knn15_quant,knn,0.8407738095238095,0.8184523809523809,0.18,sonar,0,208,60,2
knn31_std,knn,0.8467261904761905,0.7016369047619047,0.022,sonar,0,208,60,2
knn31_quant,knn,0.8080357142857143,0.8377976190476191,0.235,sonar,0,208,60,2
svc_C0.1,svm,0.9062499999999999,0.7886904761904762,0.02,sonar,0,208,60,2
svc_C1,svm,0.9449404761904762,0.9211309523809523,0.032,sonar,0,208,60,2
svc_C10,svm,0.9583333333333334,0.9538690476190477,0.028,sonar,0,208,60,2
"mlp_(64,)_a0.0001",mlp,0.9226190476190476,0.8869047619047619,0.325,sonar,0,208,60,2
"mlp_(64,)_a0.01",mlp,0.9226190476190476,0.8883928571428571,0.381,sonar,0,208,60,2
"mlp_(128, 64)_a0.0001",mlp,0.9375,0.8943452380952381,0.309,sonar,0,208,60,2
"mlp_(128, 64)_a0.01",mlp,0.9375,0.8958333333333334,0.247,sonar,0,208,60,2
gaussiannb,nb,0.8348214285714285,0.6517857142857142,0.015,sonar,0,208,60,2
dt_d3,tree,0.7083333333333333,0.6361607142857144,0.011,sonar,0,208,60,2
dt_d6,tree,0.7291666666666666,0.6636904761904762,0.01,sonar,0,208,60,2
dt_dNone,tree,0.7291666666666666,0.6636904761904762,0.01,sonar,0,208,60,2
logreg_C0.01_std,linear,0.8497023809523809,0.8725925925925927,0.016,sonar,1,208,60,2
logreg_C0.01_quant,linear,0.8392857142857143,0.8251851851851851,0.23,sonar,1,208,60,2
logreg_C0.1_std,linear,0.863095238095238,0.8311111111111111,0.011,sonar,1,208,60,2
logreg_C0.1_quant,linear,0.8169642857142857,0.7688888888888888,0.14,sonar,1,208,60,2
logreg_C1_std,linear,0.875,0.8207407407407408,0.012,sonar,1,208,60,2
logreg_C1_quant,linear,0.7916666666666666,0.7822222222222222,0.192,sonar,1,208,60,2
logreg_C10_std,linear,0.8541666666666666,0.8162962962962963,0.036,sonar,1,208,60,2
logreg_C10_quant,linear,0.78125,0.7955555555555556,0.217,sonar,1,208,60,2
logreg_C100_std,linear,0.8422619047619048,0.8118518518518518,0.026,sonar,1,208,60,2
logreg_C100_quant,linear,0.7797619047619048,0.8,0.171,sonar,1,208,60,2
rf_dNone_fsqrt,rf,0.9471726190476191,0.9066666666666667,0.829,sonar,1,208,60,2
rf_dNone_f0.3,rf,0.9248511904761905,0.8518518518518519,0.839,sonar,1,208,60,2
rf_dNone_f0.7,rf,0.9241071428571429,0.8296296296296296,0.919,sonar,1,208,60,2
rf_d4_fsqrt,rf,0.9345238095238095,0.8888888888888891,0.709,sonar,1,208,60,2
rf_d4_f0.3,rf,0.930059523809524,0.8414814814814815,0.763,sonar,1,208,60,2
rf_d4_f0.7,rf,0.925595238095238,0.8251851851851852,0.981,sonar,1,208,60,2
rf_d8_fsqrt,rf,0.9479166666666666,0.9051851851851852,0.716,sonar,1,208,60,2
rf_d8_f0.3,rf,0.9241071428571429,0.8525925925925926,0.836,sonar,1,208,60,2
rf_d8_f0.7,rf,0.925595238095238,0.8296296296296296,1.022,sonar,1,208,60,2
rf_d16_fsqrt,rf,0.9471726190476191,0.9066666666666667,0.596,sonar,1,208,60,2
rf_d16_f0.3,rf,0.9248511904761905,0.8518518518518519,0.829,sonar,1,208,60,2
rf_d16_f0.7,rf,0.9241071428571429,0.8296296296296296,1.152,sonar,1,208,60,2
et_dNone_fsqrt,et,0.9494047619047619,0.9444444444444444,0.492,sonar,1,208,60,2
et_dNone_f0.5,et,0.9575892857142856,0.9237037037037037,0.552,sonar,1,208,60,2
et_d8_fsqrt,et,0.9568452380952381,0.9392592592592591,0.612,sonar,1,208,60,2
et_d8_f0.5,et,0.9598214285714286,0.9214814814814815,0.62,sonar,1,208,60,2
hgb_lr0.03_ln15_l20.0,gbdt,0.8779761904761905,0.842962962962963,0.168,sonar,1,208,60,2
hgb_lr0.03_ln15_l21.0,gbdt,0.8630952380952381,0.8311111111111111,0.222,sonar,1,208,60,2
hgb_lr0.03_ln31_l20.0,gbdt,0.8779761904761905,0.842962962962963,0.164,sonar,1,208,60,2
hgb_lr0.03_ln31_l21.0,gbdt,0.8630952380952381,0.8311111111111111,0.195,sonar,1,208,60,2
hgb_lr0.03_ln63_l20.0,gbdt,0.8779761904761905,0.842962962962963,0.205,sonar,1,208,60,2
hgb_lr0.03_ln63_l21.0,gbdt,0.8630952380952381,0.8311111111111111,0.188,sonar,1,208,60,2
hgb_lr0.1_ln15_l20.0,gbdt,0.8973214285714286,0.8711111111111112,0.151,sonar,1,208,60,2
hgb_lr0.1_ln15_l21.0,gbdt,0.8616071428571428,0.8325925925925927,0.059,sonar,1,208,60,2
hgb_lr0.1_ln31_l20.0,gbdt,0.8973214285714286,0.8711111111111112,0.109,sonar,1,208,60,2
hgb_lr0.1_ln31_l21.0,gbdt,0.8616071428571428,0.8325925925925927,0.103,sonar,1,208,60,2
hgb_lr0.1_ln63_l20.0,gbdt,0.8973214285714286,0.8711111111111112,0.099,sonar,1,208,60,2
hgb_lr0.1_ln63_l21.0,gbdt,0.8616071428571428,0.8325925925925927,0.114,sonar,1,208,60,2
hgb_lr0.3_ln15_l20.0,gbdt,0.9330357142857143,0.8666666666666667,0.068,sonar,1,208,60,2
hgb_lr0.3_ln15_l21.0,gbdt,0.8928571428571428,0.8488888888888889,0.088,sonar,1,208,60,2
hgb_lr0.3_ln31_l20.0,gbdt,0.9330357142857143,0.8666666666666667,0.077,sonar,1,208,60,2
hgb_lr0.3_ln31_l21.0,gbdt,0.8928571428571428,0.8488888888888889,0.103,sonar,1,208,60,2
hgb_lr0.3_ln63_l20.0,gbdt,0.9330357142857143,0.8666666666666667,0.067,sonar,1,208,60,2
hgb_lr0.3_ln63_l21.0,gbdt,0.8928571428571428,0.8488888888888889,0.039,sonar,1,208,60,2
knn1_std,knn,0.818452380952381,0.7629629629629631,0.02,sonar,1,208,60,2
knn1_quant,knn,0.7797619047619048,0.722962962962963,0.206,sonar,1,208,60,2
knn5_std,knn,0.8973214285714286,0.8962962962962964,0.016,sonar,1,208,60,2
knn5_quant,knn,0.8526785714285715,0.7666666666666666,0.164,sonar,1,208,60,2
knn15_std,knn,0.7834821428571428,0.8851851851851852,0.01,sonar,1,208,60,2
knn15_quant,knn,0.840029761904762,0.8844444444444445,0.229,sonar,1,208,60,2
knn31_std,knn,0.7366071428571429,0.8185185185185186,0.009,sonar,1,208,60,2
knn31_quant,knn,0.8125,0.8837037037037037,0.147,sonar,1,208,60,2
svc_C0.1,svm,0.8705357142857142,0.8874074074074074,0.024,sonar,1,208,60,2
svc_C1,svm,0.9434523809523809,0.9,0.027,sonar,1,208,60,2
svc_C10,svm,0.9657738095238095,0.9170370370370371,0.021,sonar,1,208,60,2
"mlp_(64,)_a0.0001",mlp,0.9241071428571428,0.9037037037037037,0.282,sonar,1,208,60,2
"mlp_(64,)_a0.01",mlp,0.9241071428571428,0.9037037037037037,0.404,sonar,1,208,60,2
"mlp_(128, 64)_a0.0001",mlp,0.9241071428571428,0.914074074074074,0.33,sonar,1,208,60,2
"mlp_(128, 64)_a0.01",mlp,0.9241071428571428,0.914074074074074,0.252,sonar,1,208,60,2
gaussiannb,nb,0.7232142857142857,0.8340740740740741,0.015,sonar,1,208,60,2
dt_d3,tree,0.7038690476190477,0.6585185185185186,0.013,sonar,1,208,60,2
dt_d6,tree,0.6875,0.6148148148148149,0.015,sonar,1,208,60,2
dt_dNone,tree,0.6875,0.6148148148148149,0.011,sonar,1,208,60,2
logreg_C0.01_std,linear,0.8616071428571429,0.7098214285714286,0.011,sonar,2,208,60,2
logreg_C0.01_quant,linear,0.8407738095238095,0.7113095238095237,0.14,sonar,2,208,60,2
logreg_C0.1_std,linear,0.8526785714285714,0.7366071428571428,0.024,sonar,2,208,60,2
logreg_C0.1_quant,linear,0.8392857142857143,0.7217261904761905,0.167,sonar,2,208,60,2
logreg_C1_std,linear,0.8452380952380952,0.7589285714285714,0.022,sonar,2,208,60,2
logreg_C1_quant,linear,0.8288690476190477,0.7098214285714286,0.228,sonar,2,208,60,2
logreg_C10_std,linear,0.8392857142857143,0.7559523809523809,0.027,sonar,2,208,60,2
logreg_C10_quant,linear,0.824404761904762,0.7008928571428571,0.177,sonar,2,208,60,2
logreg_C100_std,linear,0.8377976190476191,0.7514880952380951,0.037,sonar,2,208,60,2
logreg_C100_quant,linear,0.8035714285714286,0.6875,0.225,sonar,2,208,60,2
rf_dNone_fsqrt,rf,0.8891369047619047,0.7857142857142857,0.589,sonar,2,208,60,2
rf_dNone_f0.3,rf,0.8735119047619048,0.7738095238095238,0.709,sonar,2,208,60,2
rf_dNone_f0.7,rf,0.859375,0.7425595238095238,1.204,sonar,2,208,60,2
rf_d4_fsqrt,rf,0.8839285714285714,0.7738095238095238,0.802,sonar,2,208,60,2
rf_d4_f0.3,rf,0.8645833333333334,0.7574404761904763,0.722,sonar,2,208,60,2
rf_d4_f0.7,rf,0.8586309523809523,0.7410714285714286,1.009,sonar,2,208,60,2
rf_d8_fsqrt,rf,0.8891369047619048,0.7872023809523809,0.738,sonar,2,208,60,2
rf_d8_f0.3,rf,0.8727678571428572,0.7752976190476191,0.804,sonar,2,208,60,2
rf_d8_f0.7,rf,0.859375,0.7425595238095238,0.983,sonar,2,208,60,2
rf_d16_fsqrt,rf,0.8891369047619047,0.7857142857142857,0.775,sonar,2,208,60,2
rf_d16_f0.3,rf,0.8735119047619048,0.7738095238095238,0.848,sonar,2,208,60,2
rf_d16_f0.7,rf,0.859375,0.7425595238095238,1.044,sonar,2,208,60,2
et_dNone_fsqrt,et,0.9233630952380951,0.8519345238095238,0.592,sonar,2,208,60,2
et_dNone_f0.5,et,0.9077380952380951,0.8102678571428571,0.7,sonar,2,208,60,2
et_d8_fsqrt,et,0.9107142857142857,0.8318452380952381,0.485,sonar,2,208,60,2
et_d8_f0.5,et,0.9092261904761905,0.8125,0.609,sonar,2,208,60,2
hgb_lr0.03_ln15_l20.0,gbdt,0.84375,0.8005952380952381,0.236,sonar,2,208,60,2
hgb_lr0.03_ln15_l21.0,gbdt,0.824404761904762,0.8005952380952381,0.148,sonar,2,208,60,2
hgb_lr0.03_ln31_l20.0,gbdt,0.84375,0.8005952380952381,0.192,sonar,2,208,60,2
hgb_lr0.03_ln31_l21.0,gbdt,0.824404761904762,0.8005952380952381,0.146,sonar,2,208,60,2
hgb_lr0.03_ln63_l20.0,gbdt,0.84375,0.8005952380952381,0.237,sonar,2,208,60,2
hgb_lr0.03_ln63_l21.0,gbdt,0.824404761904762,0.8005952380952381,0.205,sonar,2,208,60,2
hgb_lr0.1_ln15_l20.0,gbdt,0.8571428571428571,0.8229166666666666,0.092,sonar,2,208,60,2
hgb_lr0.1_ln15_l21.0,gbdt,0.8497023809523809,0.8050595238095237,0.126,sonar,2,208,60,2
hgb_lr0.1_ln31_l20.0,gbdt,0.8571428571428571,0.8229166666666666,0.088,sonar,2,208,60,2
hgb_lr0.1_ln31_l21.0,gbdt,0.8497023809523809,0.8050595238095237,0.119,sonar,2,208,60,2
hgb_lr0.1_ln63_l20.0,gbdt,0.8571428571428571,0.8229166666666666,0.114,sonar,2,208,60,2
hgb_lr0.1_ln63_l21.0,gbdt,0.8497023809523809,0.8050595238095237,0.129,sonar,2,208,60,2
hgb_lr0.3_ln15_l20.0,gbdt,0.8675595238095238,0.8497023809523809,0.077,sonar,2,208,60,2
hgb_lr0.3_ln15_l21.0,gbdt,0.8333333333333334,0.8005952380952381,0.036,sonar,2,208,60,2
hgb_lr0.3_ln31_l20.0,gbdt,0.8675595238095238,0.8497023809523809,0.087,sonar,2,208,60,2
hgb_lr0.3_ln31_l21.0,gbdt,0.8333333333333334,0.8005952380952381,0.066,sonar,2,208,60,2
hgb_lr0.3_ln63_l20.0,gbdt,0.8675595238095238,0.8497023809523809,0.093,sonar,2,208,60,2
hgb_lr0.3_ln63_l21.0,gbdt,0.8333333333333334,0.8005952380952381,0.042,sonar,2,208,60,2
knn1_std,knn,0.824404761904762,0.7797619047619048,0.008,sonar,2,208,60,2
knn1_quant,knn,0.8273809523809523,0.7232142857142857,0.139,sonar,2,208,60,2
knn5_std,knn,0.890625,0.7604166666666667,0.022,sonar,2,208,60,2
knn5_quant,knn,0.8556547619047619,0.6912202380952381,0.21,sonar,2,208,60,2
knn15_std,knn,0.800595238095238,0.6584821428571428,0.009,sonar,2,208,60,2
knn15_quant,knn,0.8407738095238095,0.6450892857142857,0.151,sonar,2,208,60,2
knn31_std,knn,0.796875,0.5625,0.021,sonar,2,208,60,2
knn31_quant,knn,0.7760416666666666,0.6272321428571429,0.204,sonar,2,208,60,2
svc_C0.1,svm,0.8764880952380952,0.7514880952380952,0.025,sonar,2,208,60,2
svc_C1,svm,0.8973214285714286,0.8214285714285714,0.044,sonar,2,208,60,2
svc_C10,svm,0.9285714285714286,0.8660714285714286,0.022,sonar,2,208,60,2
"mlp_(64,)_a0.0001",mlp,0.8764880952380952,0.8169642857142858,0.391,sonar,2,208,60,2
"mlp_(64,)_a0.01",mlp,0.8735119047619048,0.8184523809523809,0.331,sonar,2,208,60,2
"mlp_(128, 64)_a0.0001",mlp,0.8883928571428572,0.8125,0.246,sonar,2,208,60,2
"mlp_(128, 64)_a0.01",mlp,0.886904761904762,0.8125,0.321,sonar,2,208,60,2
gaussiannb,nb,0.818452380952381,0.6919642857142857,0.021,sonar,2,208,60,2
dt_d3,tree,0.7976190476190476,0.5461309523809526,0.017,sonar,2,208,60,2
dt_d6,tree,0.7678571428571428,0.538690476190476,0.013,sonar,2,208,60,2
dt_dNone,tree,0.7678571428571428,0.538690476190476,0.017,sonar,2,208,60,2
logreg_C0.01_std,linear,0.9618231398519672,0.9670883395799492,0.036,spambase,0,4601,57,2
logreg_C0.01_quant,linear,0.9804871714474839,0.9809741560748076,0.379,spambase,0,4601,57,2
logreg_C0.1_std,linear,0.9692532803785382,0.9724037568180813,0.041,spambase,0,4601,57,2
logreg_C0.1_quant,linear,0.9822829470990464,0.9817389188403416,0.524,spambase,0,4601,57,2
logreg_C1_std,linear,0.9717838354854137,0.9735730222034016,0.053,spambase,0,4601,57,2
logreg_C1_quant,linear,0.9829068762054975,0.981950650680386,0.419,spambase,0,4601,57,2
logreg_C10_std,linear,0.9724204332031634,0.9733676107167912,0.095,spambase,0,4601,57,2
logreg_C10_quant,linear,0.9829512163450423,0.9820644170422009,0.622,spambase,0,4601,57,2
logreg_C100_std,linear,0.9720055361831373,0.973816355810617,0.068,spambase,0,4601,57,2
logreg_C100_quant,linear,0.9829828878732886,0.9820707373956352,0.454,spambase,0,4601,57,2
rf_dNone_fsqrt,rf,0.9905729696175029,0.9865645086873256,2.022,spambase,0,4601,57,2
rf_dNone_f0.3,rf,0.9877193649225157,0.9826616904417295,3.936,spambase,0,4601,57,2
rf_dNone_f0.7,rf,0.9845902179317858,0.9765973113216492,7.273,spambase,0,4601,57,2
rf_d4_fsqrt,rf,0.9721037179207008,0.9748892358060662,1.032,spambase,0,4601,57,2
rf_d4_f0.3,rf,0.9640718183574513,0.9692988831935482,1.925,spambase,0,4601,57,2
rf_d4_f0.7,rf,0.9544135858187568,0.9606273582818752,3.263,spambase,0,4601,57,2
rf_d8_fsqrt,rf,0.9826598382851768,0.9808193074156707,1.398,spambase,0,4601,57,2
rf_d8_f0.3,rf,0.9782226571778768,0.976728458655408,2.648,spambase,0,4601,57,2
rf_d8_f0.7,rf,0.9716207271149453,0.9696765243112395,4.816,spambase,0,4601,57,2
rf_d16_fsqrt,rf,0.9875150835653272,0.9844629911704663,1.716,spambase,0,4601,57,2
rf_d16_f0.3,rf,0.9857731495117834,0.982543183814839,3.247,spambase,0,4601,57,2
rf_d16_f0.7,rf,0.981339135557308,0.9749145172198028,7.872,spambase,0,4601,57,2
et_dNone_fsqrt,et,0.9909324414630981,0.9863875387911691,1.48,spambase,0,4601,57,2
et_dNone_f0.5,et,0.9893488650507852,0.9848832946738383,2.784,spambase,0,4601,57,2
et_d8_fsqrt,et,0.9726278817131764,0.9757946264355103,0.891,spambase,0,4601,57,2
et_d8_f0.5,et,0.9769510453187897,0.9800071419993807,1.51,spambase,0,4601,57,2
hgb_lr0.03_ln15_l20.0,gbdt,0.9862640581996003,0.9852909574703417,1.593,spambase,0,4601,57,2
hgb_lr0.03_ln15_l21.0,gbdt,0.9870637642878183,0.9853446804745322,1.805,spambase,0,4601,57,2
hgb_lr0.03_ln31_l20.0,gbdt,0.9881295112133045,0.986036759175573,2.064,spambase,0,4601,57,2
hgb_lr0.03_ln31_l21.0,gbdt,0.9884367250372932,0.9849133163526504,2.406,spambase,0,4601,57,2
hgb_lr0.03_ln63_l20.0,gbdt,0.9883480447582036,0.9854710875432154,2.75,spambase,0,4601,57,2
hgb_lr0.03_ln63_l21.0,gbdt,0.9884240564259948,0.9844945929376371,2.739,spambase,0,4601,57,2
hgb_lr0.1_ln15_l20.0,gbdt,0.985679718503457,0.9854853083384423,0.381,spambase,0,4601,57,2
hgb_lr0.1_ln15_l21.0,gbdt,0.9879093940919932,0.9854173645390251,0.739,spambase,0,4601,57,2
hgb_lr0.1_ln31_l20.0,gbdt,0.9874042332164653,0.9855500919611425,0.797,spambase,0,4601,57,2
hgb_lr0.1_ln31_l21.0,gbdt,0.9879394820438271,0.9845119739095811,1.197,spambase,0,4601,57,2
hgb_lr0.1_ln63_l20.0,gbdt,0.9883892177449238,0.9855090096638204,2.302,spambase,0,4601,57,2
hgb_lr0.1_ln63_l21.0,gbdt,0.9887059330273864,0.9845672770021299,2.607,spambase,0,4601,57,2
hgb_lr0.3_ln15_l20.0,gbdt,0.9868911544588761,0.9852340742894342,0.803,spambase,0,4601,57,2
hgb_lr0.3_ln15_l21.0,gbdt,0.9874802448842563,0.9856022348769744,0.619,spambase,0,4601,57,2
hgb_lr0.3_ln31_l20.0,gbdt,0.9884873994824873,0.9842986619811779,0.803,spambase,0,4601,57,2
hgb_lr0.3_ln31_l21.0,gbdt,0.9877114470404541,0.9835623408060978,0.815,spambase,0,4601,57,2
hgb_lr0.3_ln63_l20.0,gbdt,0.9889561381005318,0.9865550281571746,1.033,spambase,0,4601,57,2
hgb_lr0.3_ln63_l21.0,gbdt,0.9892000088680278,0.9849464982081799,0.719,spambase,0,4601,57,2
knn1_std,knn,0.8875866612191639,0.8825536123980053,0.274,spambase,0,4601,57,2
knn1_quant,knn,0.9170570182523018,0.9156738444813834,0.905,spambase,0,4601,57,2
knn5_std,knn,0.9539559322355983,0.9399819237891782,0.365,spambase,0,4601,57,2
knn5_quant,knn,0.9715953898923486,0.966280914428735,1.233,spambase,0,4601,57,2
knn15_std,knn,0.9572656069373315,0.9569678736434941,0.285,spambase,0,4601,57,2
knn15_quant,knn,0.9786692257261488,0.9750093225213154,0.8,spambase,0,4601,57,2
knn31_std,knn,0.952972531283552,0.9542769831688988,0.77,spambase,0,4601,57,2
knn31_quant,knn,0.97481480073858,0.9715094268071471,1.893,spambase,0,4601,57,2
svc_C0.1,svm,0.9611675392172699,0.9666364343094067,18.467,spambase,0,4601,57,2
svc_C1,svm,0.9734750950937635,0.9742872221414621,16.226,spambase,0,4601,57,2
svc_C10,svm,0.9792203103176339,0.9764898653132684,3.48,spambase,0,4601,57,2
"mlp_(64,)_a0.0001",mlp,0.9832362600992587,0.9811606065011156,5.626,spambase,0,4601,57,2
"mlp_(64,)_a0.01",mlp,0.9833629462122435,0.9812933339232328,4.742,spambase,0,4601,57,2
"mlp_(128, 64)_a0.0001",mlp,0.9769019544500082,0.9783322483393271,5.485,spambase,0,4601,57,2
"mlp_(128, 64)_a0.01",mlp,0.9770444763271161,0.9783859713435175,5.552,spambase,0,4601,57,2
gaussiannb,nb,0.9454236225260577,0.9446400242701571,0.103,spambase,0,4601,57,2
dt_d3,tree,0.8892541671813291,0.8860503479354565,0.089,spambase,0,4601,57,2
dt_d6,tree,0.9201608280204344,0.9311824117204635,0.127,spambase,0,4601,57,2
dt_dNone,tree,0.908006879055935,0.8994573976576771,0.263,spambase,0,4601,57,2
logreg_C0.01_std,linear,0.9611327005361989,0.961144047175118,0.382,spambase,1,4601,57,2
logreg_C0.01_quant,linear,0.980579018879398,0.9777412952932327,0.979,spambase,1,4601,57,2
logreg_C0.1_std,linear,0.9668589128431214,0.9700589056940064,0.082,spambase,1,4601,57,2
logreg_C0.1_quant,linear,0.9809242385372822,0.9785060580587667,0.794,spambase,1,4601,57,2
logreg_C1_std,linear,0.9679357448034941,0.9734845372553234,0.129,spambase,1,4601,57,2
logreg_C1_quant,linear,0.9810699275672149,0.9786735474247719,0.878,spambase,1,4601,57,2
logreg_C10_std,linear,0.9679135747337216,0.9744136292101454,0.147,spambase,1,4601,57,2
logreg_C10_quant,linear,0.9811142677067596,0.978749391665982,0.775,spambase,1,4601,57,2
logreg_C100_std,linear,0.9676982083416471,0.9746506424639265,0.231,spambase,1,4601,57,2
logreg_C100_quant,linear,0.9811174348595841,0.9787051491919428,0.842,spambase,1,4601,57,2
rf_dNone_fsqrt,rf,0.9817920384112293,0.9809330737774857,3.181,spambase,1,4601,57,2
rf_dNone_f0.3,rf,0.9790920406282365,0.976009518452272,4.723,spambase,1,4601,57,2
rf_dNone_f0.7,rf,0.9768718664981741,0.9717116781170404,7.708,spambase,1,4601,57,2
rf_d4_fsqrt,rf,0.9678755688998262,0.9637875349989572,1.604,spambase,1,4601,57,2
rf_d4_f0.3,rf,0.964664075935656,0.9597567295963191,2.157,spambase,1,4601,57,2
rf_d4_f0.7,rf,0.9570993314140388,0.9515829325175865,3.192,spambase,1,4601,57,2
rf_d8_fsqrt,rf,0.9769557960480266,0.974686984496173,1.697,spambase,1,4601,57,2
rf_d8_f0.3,rf,0.973969170934405,0.9707857463389352,3.074,spambase,1,4601,57,2
rf_d8_f0.7,rf,0.9701432503222578,0.9668576466796024,5.795,spambase,1,4601,57,2
rf_d16_fsqrt,rf,0.9828688703716021,0.9804606273582818,1.927,spambase,1,4601,57,2
rf_d16_f0.3,rf,0.979049284065104,0.975744063608037,4.148,spambase,1,4601,57,2
rf_d16_f0.7,rf,0.976881367956648,0.9714399029193711,7.475,spambase,1,4601,57,2
et_dNone_fsqrt,et,0.9839346172970884,0.9814608232892383,1.588,spambase,1,4601,57,2
et_dNone_f0.5,et,0.9816526836869457,0.9787794133447941,2.733,spambase,1,4601,57,2
et_d8_fsqrt,et,0.9714481172860033,0.9657658056238504,0.885,spambase,1,4601,57,2
et_d8_f0.5,et,0.977114153689258,0.9720640378209949,1.442,spambase,1,4601,57,2
hgb_lr0.03_ln15_l20.0,gbdt,0.9844302767141424,0.9806233764592115,1.498,spambase,1,4601,57,2
hgb_lr0.03_ln15_l21.0,gbdt,0.9842339132390154,0.9812190697703815,1.648,spambase,1,4601,57,2
hgb_lr0.03_ln31_l20.0,gbdt,0.9854184283954254,0.9817610400773611,2.147,spambase,1,4601,57,2
hgb_lr0.03_ln31_l21.0,gbdt,0.9840375497638888,0.981482944526258,2.502,spambase,1,4601,57,2
hgb_lr0.03_ln63_l20.0,gbdt,0.9837715089266201,0.9823677940070409,3.227,spambase,1,4601,57,2
hgb_lr0.03_ln63_l21.0,gbdt,0.9834801308667547,0.9809994374885443,2.722,spambase,1,4601,57,2
hgb_lr0.1_ln15_l20.0,gbdt,0.9843257606709296,0.980601255222192,0.808,spambase,1,4601,57,2
hgb_lr0.1_ln15_l21.0,gbdt,0.9851808919335785,0.9823409325049456,0.848,spambase,1,4601,57,2
hgb_lr0.1_ln31_l20.0,gbdt,0.9849433554717316,0.9815524684140337,0.751,spambase,1,4601,57,2
hgb_lr0.1_ln31_l21.0,gbdt,0.9856591320100969,0.9824594391318362,1.06,spambase,1,4601,57,2
hgb_lr0.1_ln63_l20.0,gbdt,0.985108047418612,0.9817768409609465,1.271,spambase,1,4601,57,2
hgb_lr0.1_ln63_l21.0,gbdt,0.9850225342923471,0.9821276205765427,1.126,spambase,1,4601,57,2
hgb_lr0.3_ln15_l20.0,gbdt,0.982767521481214,0.9819822524475568,0.338,spambase,1,4601,57,2
hgb_lr0.3_ln15_l21.0,gbdt,0.9826186652984568,0.9805696534550212,0.336,spambase,1,4601,57,2
hgb_lr0.3_ln31_l20.0,gbdt,0.9840628869864857,0.9814639834659553,0.42,spambase,1,4601,57,2
hgb_lr0.3_ln31_l21.0,gbdt,0.9842782533785603,0.980659718491458,0.485,spambase,1,4601,57,2
hgb_lr0.3_ln63_l20.0,gbdt,0.9836669928834076,0.9825542444333487,0.625,spambase,1,4601,57,2
hgb_lr0.3_ln63_l21.0,gbdt,0.9839520366376238,0.9806375972544384,0.542,spambase,1,4601,57,2
knn1_std,knn,0.8902914097313938,0.878612872031804,0.127,spambase,1,4601,57,2
knn1_quant,knn,0.9271000598591883,0.9207459281123,0.384,spambase,1,4601,57,2
knn5_std,knn,0.9465574632372736,0.9496552247201663,0.135,spambase,1,4601,57,2
knn5_quant,knn,0.9723016649722398,0.9647292676606476,0.376,spambase,1,4601,57,2
knn15_std,knn,0.9554555790980582,0.9517030192328356,0.149,spambase,1,4601,57,2
knn15_quant,knn,0.9752819557802122,0.9656062166996379,0.472,spambase,1,4601,57,2
knn31_std,knn,0.9521474879727372,0.9519684740770704,0.207,spambase,1,4601,57,2
knn31_quant,knn,0.9705660652243454,0.9650847875413194,0.376,spambase,1,4601,57,2
svc_C0.1,svm,0.9621588580513775,0.9578795846263722,2.804,spambase,1,4601,57,2
svc_C1,svm,0.9711092319337685,0.9689970863170669,2.243,spambase,1,4601,57,2
svc_C10,svm,0.9814056457666253,0.9735034983156259,2.057,spambase,1,4601,57,2
"mlp_(64,)_a0.0001",mlp,0.9813613056270805,0.9763476573609997,3.99,spambase,1,4601,57,2
"mlp_(64,)_a0.01",mlp,0.9816685194510689,0.9763002547102434,4.541,spambase,1,4601,57,2
"mlp_(128, 64)_a0.0001",mlp,0.9756984363766505,0.9675876475012483,7.078,spambase,1,4601,57,2
"mlp_(128, 64)_a0.01",mlp,0.9765250632638777,0.968927562429291,5.455,spambase,1,4601,57,2
gaussiannb,nb,0.8746678448475174,0.8796067476093263,0.036,spambase,1,4601,57,2
dt_d3,tree,0.9080718056888399,0.8940218937042959,0.029,spambase,1,4601,57,2
dt_d6,tree,0.9183032928887919,0.8989770507966804,0.041,spambase,1,4601,57,2
dt_dNone,tree,0.9096617164068017,0.8925966540048921,0.077,spambase,1,4601,57,2
logreg_C0.01_std,linear,0.9560905932393956,0.9557053830450198,0.032,spambase,2,4601,57,2
logreg_C0.01_quant,linear,0.983071568152378,0.9838277956503327,0.454,spambase,2,4601,57,2
logreg_C0.1_std,linear,0.9643125219721227,0.9654513680405008,0.033,spambase,2,4601,57,2
logreg_C0.1_quant,linear,0.983046230929781,0.9833695700263558,0.416,spambase,2,4601,57,2
logreg_C1_std,linear,0.9679357448034941,0.9703717631889975,0.108,spambase,2,4601,57,2
logreg_C1_quant,linear,0.9825679908532626,0.9827501753898078,0.534,spambase,2,4601,57,2
logreg_C10_std,linear,0.9694686467706125,0.9718728471296115,0.072,spambase,2,4601,57,2
logreg_C10_quant,linear,0.9824286361289791,0.9825447639031974,0.562,spambase,2,4601,57,2
logreg_C100_std,linear,0.9693261248935044,0.9722078258616221,0.112,spambase,2,4601,57,2
logreg_C100_quant,linear,0.9823906302950837,0.9825100019593096,0.526,spambase,2,4601,57,2
rf_dNone_fsqrt,rf,0.9837192509050139,0.9846130995645276,2.259,spambase,2,4601,57,2
rf_dNone_f0.3,rf,0.9777998422757894,0.9785202788539936,3.773,spambase,2,4601,57,2
rf_dNone_f0.7,rf,0.972939846266402,0.9756208167160707,7.206,spambase,2,4601,57,2
rf_d4_fsqrt,rf,0.9716761522893764,0.9780762740252436,1.171,spambase,2,4601,57,2
rf_d4_f0.3,rf,0.9629791506329555,0.9745558371624141,1.71,spambase,2,4601,57,2
rf_d4_f0.7,rf,0.954117457029654,0.9672811103596913,3.143,spambase,2,4601,57,2
rf_d8_fsqrt,rf,0.9788244162145555,0.9825795258470854,1.339,spambase,2,4601,57,2
rf_d8_f0.3,rf,0.973234391479092,0.9803626618800524,2.481,spambase,2,4601,57,2
rf_d8_f0.7,rf,0.9683237210245106,0.977038155973682,5.259,spambase,2,4601,57,2
rf_d16_fsqrt,rf,0.9818775515374942,0.9843713460456709,2.521,spambase,2,4601,57,2
rf_d16_f0.3,rf,0.9776066459534872,0.9790717296911243,3.202,spambase,2,4601,57,2
rf_d16_f0.7,rf,0.9716413136083055,0.9758467693513421,7.101,spambase,2,4601,57,2
et_dNone_fsqrt,et,0.9829607178035162,0.9848659137018942,1.744,spambase,2,4601,57,2
et_dNone_f0.5,et,0.9793564978890927,0.98153508744209,2.865,spambase,2,4601,57,2
et_d8_fsqrt,et,0.9686673571059824,0.9731432381698785,0.939,spambase,2,4601,57,2
et_d8_f0.5,et,0.974105358505864,0.9793593057723787,1.405,spambase,2,4601,57,2
hgb_lr0.03_ln15_l20.0,gbdt,0.986764468345891,0.9883563288859113,1.911,spambase,2,4601,57,2
hgb_lr0.03_ln15_l21.0,gbdt,0.9864034129238838,0.9880892939533179,1.483,spambase,2,4601,57,2
hgb_lr0.03_ln31_l20.0,gbdt,0.9869354945984208,0.9881414368691498,2.891,spambase,2,4601,57,2
hgb_lr0.03_ln31_l21.0,gbdt,0.9861468735450891,0.9860904821797636,2.251,spambase,2,4601,57,2
hgb_lr0.03_ln63_l20.0,gbdt,0.9863305684089174,0.9865613485106087,3.736,spambase,2,4601,57,2
hgb_lr0.03_ln63_l21.0,gbdt,0.9857921524287311,0.9858787503397191,2.64,spambase,2,4601,57,2
hgb_lr0.1_ln15_l20.0,gbdt,0.986571272023589,0.9876121072690384,0.794,spambase,2,4601,57,2
hgb_lr0.1_ln15_l21.0,gbdt,0.9861975479902831,0.9878064581371391,0.879,spambase,2,4601,57,2
hgb_lr0.1_ln31_l20.0,gbdt,0.9861722107676862,0.98634329631713,1.011,spambase,2,4601,57,2
hgb_lr0.1_ln31_l21.0,gbdt,0.9865047618142718,0.9855785335515962,1.055,spambase,2,4601,57,2
hgb_lr0.1_ln63_l20.0,gbdt,0.9852980765880898,0.9861473653606709,1.423,spambase,2,4601,57,2
hgb_lr0.1_ln63_l21.0,gbdt,0.9862228852128803,0.985764983977904,0.989,spambase,2,4601,57,2
hgb_lr0.3_ln15_l20.0,gbdt,0.9880123265587933,0.9847142252194743,0.546,spambase,2,4601,57,2
hgb_lr0.3_ln15_l21.0,gbdt,0.9854279298538992,0.986652993635404,0.486,spambase,2,4601,57,2
hgb_lr0.3_ln31_l20.0,gbdt,0.9864414187577792,0.9856670184996745,0.476,spambase,2,4601,57,2
hgb_lr0.3_ln31_l21.0,gbdt,0.9853487510332836,0.9850381433329751,0.368,spambase,2,4601,57,2
hgb_lr0.3_ln63_l20.0,gbdt,0.985497607216041,0.9853257194142296,0.659,spambase,2,4601,57,2
hgb_lr0.3_ln63_l21.0,gbdt,0.9854912729103917,0.9856796592065428,0.476,spambase,2,4601,57,2
knn1_std,knn,0.8779854374313123,0.8875245703739753,0.085,spambase,2,4601,57,2
knn1_quant,knn,0.914794087559107,0.9246661273298403,0.407,spambase,2,4601,57,2
knn5_std,knn,0.943561336665178,0.9408651931816026,0.14,spambase,2,4601,57,2
knn5_quant,knn,0.9636632556430746,0.9727782377590555,0.375,spambase,2,4601,57,2
knn15_std,knn,0.9498180470702253,0.9496647052503175,0.152,spambase,2,4601,57,2
knn15_quant,knn,0.9656569783461761,0.9750267034932594,0.388,spambase,2,4601,57,2
knn31_std,knn,0.946017463680675,0.9433016894304729,0.168,spambase,2,4601,57,2
knn31_quant,knn,0.963240440740987,0.9745305557486776,0.47,spambase,2,4601,57,2
svc_C0.1,svm,0.9574873076350554,0.9632218633665994,3.153,spambase,2,4601,57,2
svc_C1,svm,0.9714322815218803,0.9751752317989621,2.121,spambase,2,4601,57,2
svc_C10,svm,0.9743048891338154,0.9776559705218716,1.796,spambase,2,4601,57,2
"mlp_(64,)_a0.0001",mlp,0.9718250084721339,0.9824973612524414,4.628,spambase,2,4601,57,2
"mlp_(64,)_a0.01",mlp,0.9719738646548912,0.9823741143604751,4.514,spambase,2,4601,57,2
"mlp_(128, 64)_a0.0001",mlp,0.9688447176641616,0.9779087846592381,6.829,spambase,2,4601,57,2
"mlp_(128, 64)_a0.01",mlp,0.9689714037771464,0.9774537192119783,6.069,spambase,2,4601,57,2
gaussiannb,nb,0.9366379405905474,0.9523413749296861,0.063,spambase,2,4601,57,2
dt_d3,tree,0.8796956999566099,0.8902960453548562,0.064,spambase,2,4601,57,2
dt_d6,tree,0.9249970703836372,0.9156090608586831,0.076,spambase,2,4601,57,2
dt_dNone,tree,0.9045293452544965,0.8924149438436597,0.081,spambase,2,4601,57,2
logreg_C0.01_std,linear,0.9983667032750415,0.9983871958712214,0.037,twonorm,0,5000,20,2
logreg_C0.01_quant,linear,0.9984051036682616,0.9983180756942738,0.156,twonorm,0,5000,20,2
logreg_C0.1_std,linear,0.9983308629080361,0.9983820758581142,0.036,twonorm,0,5000,20,2
logreg_C0.1_quant,linear,0.9983743833536856,0.9983027156549521,0.155,twonorm,0,5000,20,2
logreg_C1_std,linear,0.9983257428556068,0.9983308757270418,0.035,twonorm,0,5000,20,2
logreg_C1_quant,linear,0.9983411030128948,0.9982463955107725,0.186,twonorm,0,5000,20,2
logreg_C10_std,linear,0.9983308629080362,0.9982975956418448,0.037,twonorm,0,5000,20,2
logreg_C10_quant,linear,0.9983283028818215,0.9982284754648972,0.139,twonorm,0,5000,20,2
logreg_C100_std,linear,0.9983283028818215,0.9982950356352912,0.041,twonorm,0,5000,20,2
logreg_C100_quant,linear,0.9983257428556068,0.9982284754648972,0.185,twonorm,0,5000,20,2
rf_dNone_fsqrt,rf,0.9968742079918899,0.996939512165151,3.293,twonorm,0,5000,20,2
rf_dNone_f0.3,rf,0.9962457215561887,0.9969855922831162,4.867,twonorm,0,5000,20,2
rf_dNone_f0.7,rf,0.99519355078196,0.9964492709101336,9.802,twonorm,0,5000,20,2
rf_d4_fsqrt,rf,0.9913727116565673,0.9933721430326862,1.925,twonorm,0,5000,20,2
rf_d4_f0.3,rf,0.9883467606708293,0.9904102154501516,2.957,twonorm,0,5000,20,2
rf_d4_f0.7,rf,0.9819748554225195,0.9864089252068485,5.274,twonorm,0,5000,20,2
rf_d8_fsqrt,rf,0.9963007621198041,0.9972582329810764,3.445,twonorm,0,5000,20,2
rf_d8_f0.3,rf,0.9954789937048955,0.9961011100188417,3.939,twonorm,0,5000,20,2
rf_d8_f0.7,rf,0.9943449020917975,0.99524350782338,7.707,twonorm,0,5000,20,2
rf_d16_fsqrt,rf,0.9967487667073711,0.9969740722536249,3.151,twonorm,0,5000,20,2
rf_d16_f0.3,rf,0.9963314824343801,0.9971699127549766,4.81,twonorm,0,5000,20,2
rf_d16_f0.7,rf,0.9951372302052375,0.9964492709101336,7.361,twonorm,0,5000,20,2
et_dNone_fsqrt,et,0.997656296000471,0.9980044748914557,1.291,twonorm,0,5000,20,2
et_dNone_f0.5,et,0.9973375727367448,0.9975564737445729,1.139,twonorm,0,5000,20,2
et_d8_fsqrt,et,0.9982463820429521,0.9979110346522487,0.496,twonorm,0,5000,20,2
et_d8_f0.5,et,0.9968793280443191,0.997327353158024,0.62,twonorm,0,5000,20,2
hgb_lr0.03_ln15_l20.0,gbdt,0.9950105089076112,0.9951820676660932,0.697,twonorm,0,5000,20,2
hgb_lr0.03_ln15_l21.0,gbdt,0.9952844317125806,0.9949977471942328,0.549,twonorm,0,5000,20,2
hgb_lr0.03_ln31_l20.0,gbdt,0.9950130689338258,0.9952870279347916,0.84,twonorm,0,5000,20,2
hgb_lr0.03_ln31_l21.0,gbdt,0.9957657166409384,0.9950105472270009,0.795,twonorm,0,5000,20,2
hgb_lr0.03_ln63_l20.0,gbdt,0.995553234465121,0.9949593470959286,1.235,twonorm,0,5000,20,2
hgb_lr0.03_ln63_l21.0,gbdt,0.9956325952777757,0.9948390267879086,0.939,twonorm,0,5000,20,2
hgb_lr0.1_ln15_l20.0,gbdt,0.9965132442956216,0.9969331121487671,0.525,twonorm,0,5000,20,2
hgb_lr0.1_ln15_l21.0,gbdt,0.9965618847937003,0.9965337511264029,0.517,twonorm,0,5000,20,2
hgb_lr0.1_ln31_l20.0,gbdt,0.9958169171652318,0.9962239903334154,0.423,twonorm,0,5000,20,2
hgb_lr0.1_ln31_l21.0,gbdt,0.9960242792886199,0.9958579093962481,0.498,twonorm,0,5000,20,2
hgb_lr0.1_ln63_l20.0,gbdt,0.9958297172963051,0.9954867084459735,0.679,twonorm,0,5000,20,2
hgb_lr0.1_ln63_l21.0,gbdt,0.9961062001274893,0.9959884697304824,0.65,twonorm,0,5000,20,2
hgb_lr0.3_ln15_l20.0,gbdt,0.9954457133641049,0.996052469894323,0.188,twonorm,0,5000,20,2
hgb_lr0.3_ln15_l21.0,gbdt,0.9968946882016071,0.9965516711722782,0.333,twonorm,0,5000,20,2
hgb_lr0.3_ln31_l20.0,gbdt,0.9958015570079437,0.9962035102809863,0.238,twonorm,0,5000,20,2
hgb_lr0.3_ln31_l21.0,gbdt,0.9959756387905412,0.9965542311788318,0.284,twonorm,0,5000,20,2
hgb_lr0.3_ln63_l20.0,gbdt,0.9943269819082947,0.9955020684852953,0.29,twonorm,0,5000,20,2
hgb_lr0.3_ln63_l21.0,gbdt,0.9968127673627377,0.9966847915130662,0.436,twonorm,0,5000,20,2
knn1_std,knn,0.9352377368344251,0.9544037232735317,0.047,twonorm,0,5000,20,2
knn1_quant,knn,0.9400326659344992,0.9559960473498812,0.101,twonorm,0,5000,20,2
knn5_std,knn,0.9919909579874098,0.9959359895961333,0.046,twonorm,0,5000,20,2
knn5_quant,knn,0.9920831189311378,0.9957388690915049,0.103,twonorm,0,5000,20,2
knn15_std,knn,0.9966002851869202,0.9981196751863685,0.061,twonorm,0,5000,20,2
knn15_quant,knn,0.9968242874807038,0.9982950356352912,0.123,twonorm,0,5000,20,2
knn31_std,knn,0.9973798131692869,0.9984063959203735,0.073,twonorm,0,5000,20,2
knn31_quant,knn,0.9973465328284962,0.9984038359138199,0.13,twonorm,0,5000,20,2
svc_C0.1,svm,0.9983411030128948,0.9977625542721389,0.553,twonorm,0,5000,20,2
svc_C1,svm,0.9978111775864584,0.9978137544032113,0.285,twonorm,0,5000,20,2
svc_C10,svm,0.9958233172307684,0.9963519906610961,0.334,twonorm,0,5000,20,2
"mlp_(64,)_a0.0001",mlp,0.9972223715570847,0.9967820717621036,2.102,twonorm,0,5000,20,2
"mlp_(64,)_a0.01",mlp,0.9972505318454461,0.9968076718276399,2.086,twonorm,0,5000,20,2
"mlp_(128, 64)_a0.0001",mlp,0.9964646037975429,0.9953638281314,1.698,twonorm,0,5000,20,2
"mlp_(128, 64)_a0.01",mlp,0.9964799639548308,0.995256307856148,1.851,twonorm,0,5000,20,2
gaussiannb,nb,0.9983641432488268,0.9984486360285083,0.016,twonorm,0,5000,20,2
dt_d3,tree,0.7894788042629556,0.805452301957893,0.028,twonorm,0,5000,20,2
dt_d6,tree,0.8196704734256478,0.8610927643974768,0.043,twonorm,0,5000,20,2
dt_dNone,tree,0.8215648928245025,0.8359957401490947,0.066,twonorm,0,5000,20,2
logreg_C0.01_std,linear,0.999011829881138,0.9972710120551634,0.016,twonorm,1,5000,20,2
logreg_C0.01_quant,linear,0.999004149802494,0.9972070113997968,0.084,twonorm,1,5000,20,2
logreg_C0.1_std,linear,0.9989350290946979,0.9971225305347127,0.018,twonorm,1,5000,20,2
logreg_C0.1_quant,linear,0.9989068688063365,0.9970354896434139,0.08,twonorm,1,5000,20,2
logreg_C1_std,linear,0.9988710284393312,0.9969407686734711,0.019,twonorm,1,5000,20,2
logreg_C1_quant,linear,0.9988479882033993,0.9968332475724551,0.085,twonorm,1,5000,20,2
logreg_C10_std,linear,0.9988479882033993,0.9968844480967485,0.018,twonorm,1,5000,20,2
logreg_C10_quant,linear,0.9988326280461113,0.9967922871530204,0.083,twonorm,1,5000,20,2
logreg_C100_std,linear,0.9988505482296139,0.9968818880705338,0.017,twonorm,1,5000,20,2
logreg_C100_quant,linear,0.9988326280461113,0.9967871671005911,0.09,twonorm,1,5000,20,2
rf_dNone_fsqrt,rf,0.9975641350567429,0.9958565975715591,1.635,twonorm,1,5000,20,2
rf_dNone_f0.3,rf,0.9966502056981064,0.9958156371521244,2.29,twonorm,1,5000,20,2
rf_dNone_f0.7,rf,0.9959973990133659,0.9955263541898669,4.752,twonorm,1,5000,20,2
rf_d4_fsqrt,rf,0.9916415144091075,0.9920741588393864,0.903,twonorm,1,5000,20,2
rf_d4_f0.3,rf,0.9888997263331977,0.9902463001221132,1.244,twonorm,1,5000,20,2
rf_d4_f0.7,rf,0.9840433566039717,0.9851416078500644,2.291,twonorm,1,5000,20,2
rf_d8_fsqrt,rf,0.9966258854490669,0.9963263623819508,1.43,twonorm,1,5000,20,2
rf_d8_f0.3,rf,0.9956965959331423,0.9960165992099759,1.897,twonorm,1,5000,20,2
rf_d8_f0.7,rf,0.9948338670987991,0.9947621863647883,3.713,twonorm,1,5000,20,2
rf_d16_fsqrt,rf,0.9976038154630703,0.9957529165098651,1.527,twonorm,1,5000,20,2
rf_d16_f0.3,rf,0.9966655658553945,0.9957490764705431,2.345,twonorm,1,5000,20,2
rf_d16_f0.7,rf,0.995912918148282,0.9954457133641048,5.03,twonorm,1,5000,20,2
et_dNone_fsqrt,et,0.9982028615973028,0.9960447594983373,0.729,twonorm,1,5000,20,2
et_dNone_f0.5,et,0.997031649604092,0.9954098729970995,0.935,twonorm,1,5000,20,2
et_d8_fsqrt,et,0.9979314988185479,0.9966156453442083,0.437,twonorm,1,5000,20,2
et_d8_f0.5,et,0.99687420799189,0.9957298762739331,0.641,twonorm,1,5000,20,2
hgb_lr0.03_ln15_l20.0,gbdt,0.9943807424588029,0.9924146423259375,0.532,twonorm,1,5000,20,2
hgb_lr0.03_ln15_l21.0,gbdt,0.9943551421966561,0.9916440744353222,0.528,twonorm,1,5000,20,2
hgb_lr0.03_ln31_l20.0,gbdt,0.9941400999946239,0.9920075981578051,0.769,twonorm,1,5000,20,2
hgb_lr0.03_ln31_l21.0,gbdt,0.9950693895105485,0.9917695157198411,0.767,twonorm,1,5000,20,2
hgb_lr0.03_ln63_l20.0,gbdt,0.9950898697202659,0.991853996584925,1.206,twonorm,1,5000,20,2
hgb_lr0.03_ln63_l21.0,gbdt,0.9950258690648992,0.9922252003860519,0.943,twonorm,1,5000,20,2
hgb_lr0.1_ln15_l20.0,gbdt,0.9960831598915573,0.9931570499281912,0.602,twonorm,1,5000,20,2
hgb_lr0.1_ln15_l21.0,gbdt,0.9964569237188989,0.9926860051046923,0.496,twonorm,1,5000,20,2
hgb_lr0.1_ln31_l20.0,gbdt,0.9959244382662478,0.99239416211622,0.612,twonorm,1,5000,20,2
hgb_lr0.1_ln31_l21.0,gbdt,0.9965746849247737,0.9930188085125992,0.785,twonorm,1,5000,20,2
hgb_lr0.1_ln63_l20.0,gbdt,0.9959679587118972,0.9923660018278587,0.655,twonorm,1,5000,20,2
hgb_lr0.1_ln63_l21.0,gbdt,0.9961650807304268,0.9933106515010715,0.812,twonorm,1,5000,20,2
hgb_lr0.3_ln15_l20.0,gbdt,0.9953509923941621,0.9923967221424348,0.196,twonorm,1,5000,20,2
hgb_lr0.3_ln15_l21.0,gbdt,0.9963289224081655,0.9926143243706815,0.269,twonorm,1,5000,20,2
hgb_lr0.3_ln31_l20.0,gbdt,0.995182030663994,0.9913343112633474,0.255,twonorm,1,5000,20,2
hgb_lr0.3_ln31_l21.0,gbdt,0.9962905220149454,0.9930290486174579,0.364,twonorm,1,5000,20,2
hgb_lr0.3_ln63_l20.0,gbdt,0.9954405933116754,0.9917797558246997,0.392,twonorm,1,5000,20,2
hgb_lr0.3_ln63_l21.0,gbdt,0.9959705187381119,0.9931544899019765,0.426,twonorm,1,5000,20,2
knn1_std,knn,0.9512788610955376,0.9368172730088756,0.048,twonorm,1,5000,20,2
knn1_quant,knn,0.9528788774797053,0.9352326167819959,0.108,twonorm,1,5000,20,2
knn5_std,knn,0.9929240875426565,0.9897483750233601,0.049,twonorm,1,5000,20,2
knn5_quant,knn,0.9927013652619804,0.9897739752855069,0.116,twonorm,1,5000,20,2
knn15_std,knn,0.997139170705108,0.9951013898382318,0.06,twonorm,1,5000,20,2
knn15_quant,knn,0.997077730075956,0.9947609063516809,0.115,twonorm,1,5000,20,2
knn31_std,knn,0.9984742243760576,0.9959922789609366,0.069,twonorm,1,5000,20,2
knn31_quant,knn,0.9984473441008037,0.9959922789609366,0.126,twonorm,1,5000,20,2
svc_C0.1,svm,0.9988556682820432,0.9960293993410492,0.501,twonorm,1,5000,20,2
svc_C1,svm,0.9984588642187697,0.9947980267317937,0.282,twonorm,1,5000,20,2
svc_C10,svm,0.9971609309279328,0.9925272834793828,0.336,twonorm,1,5000,20,2
"mlp_(64,)_a0.0001",mlp,0.9978034975078145,0.9948466672298725,1.949,twonorm,1,5000,20,2
"mlp_(64,)_a0.01",mlp,0.9978854183466839,0.9949183479638832,1.755,twonorm,1,5000,20,2
"mlp_(128, 64)_a0.0001",mlp,0.9978009374815998,0.9945855445559763,1.475,twonorm,1,5000,20,2
"mlp_(128, 64)_a0.01",mlp,0.9978111775864585,0.9945829845297617,1.492,twonorm,1,5000,20,2
gaussiannb,nb,0.9990579103530021,0.9974425338115462,0.015,twonorm,1,5000,20,2
dt_d3,tree,0.8207674446586333,0.8054802481177408,0.027,twonorm,1,5000,20,2
dt_d6,tree,0.8399625212162173,0.8602545690067867,0.042,twonorm,1,5000,20,2
dt_dNone,tree,0.8376264972953323,0.8535754606127167,0.055,twonorm,1,5000,20,2
logreg_C0.01_std,linear,0.997514214545557,0.9983590357991317,0.016,twonorm,2,5000,20,2
logreg_C0.01_quant,linear,0.997452773916405,0.9983820758581141,0.074,twonorm,2,5000,20,2
logreg_C0.1_std,linear,0.9973862132348235,0.9982591955435407,0.015,twonorm,2,5000,20,2
logreg_C0.1_quant,linear,0.9973273326318861,0.9982617555500942,0.073,twonorm,2,5000,20,2
logreg_C1_std,linear,0.9972658920027341,0.9981747153272713,0.015,twonorm,2,5000,20,2
logreg_C1_quant,linear,0.9971993313211528,0.9982003153928074,0.071,twonorm,2,5000,20,2
logreg_C10_std,linear,0.9972198115308701,0.9981414352420742,0.016,twonorm,2,5000,20,2
logreg_C10_quant,linear,0.997173731059006,0.9981849553534857,0.071,twonorm,2,5000,20,2
logreg_C100_std,linear,0.9972172515046553,0.9981363152289671,0.016,twonorm,2,5000,20,2
logreg_C100_quant,linear,0.997173731059006,0.9981849553534857,0.077,twonorm,2,5000,20,2
rf_dNone_fsqrt,rf,0.9960921199833086,0.9961945502580487,1.527,twonorm,2,5000,20,2
rf_dNone_f0.3,rf,0.9958130771259097,0.9958835094617843,2.179,twonorm,2,5000,20,2
rf_dNone_f0.7,rf,0.9953957928529188,0.9953727881543376,4.631,twonorm,2,5000,20,2
rf_d4_fsqrt,rf,0.9937023355119157,0.9933260629147211,0.896,twonorm,2,5000,20,2
rf_d4_f0.3,rf,0.9915544735178088,0.9905330957647251,1.214,twonorm,2,5000,20,2
rf_d4_f0.7,rf,0.9866981037885827,0.9837951585156058,2.38,twonorm,2,5000,20,2
rf_d8_fsqrt,rf,0.9960089191313319,0.9961139100516097,1.36,twonorm,2,5000,20,2
rf_d8_f0.3,rf,0.9962162812547202,0.9959961497501433,1.878,twonorm,2,5000,20,2
rf_d8_f0.7,rf,0.9946853855783484,0.9947161464733351,3.702,twonorm,2,5000,20,2
rf_d16_fsqrt,rf,0.9961804408877147,0.9960089497829114,1.776,twonorm,2,5000,20,2
rf_d16_f0.3,rf,0.9958706777157398,0.9958054292618989,2.166,twonorm,2,5000,20,2
rf_d16_f0.7,rf,0.9954393132985682,0.9954278282952405,4.73,twonorm,2,5000,20,2
et_dNone_fsqrt,et,0.9964697238499723,0.997615353895306,0.703,twonorm,2,5000,20,2
et_dNone_f0.5,et,0.9963724428538149,0.9963020705333007,0.794,twonorm,2,5000,20,2
et_d8_fsqrt,et,0.9964748439024016,0.9974399934463831,0.449,twonorm,2,5000,20,2
et_d8_f0.5,et,0.9966130853179938,0.9961420701236995,0.642,twonorm,2,5000,20,2
hgb_lr0.03_ln15_l20.0,gbdt,0.9940709792868279,0.9951667076267715,0.583,twonorm,2,5000,20,2
hgb_lr0.03_ln15_l21.0,gbdt,0.9945855445559764,0.9949849471614648,0.556,twonorm,2,5000,20,2
hgb_lr0.03_ln31_l20.0,gbdt,0.994309061724792,0.9946675063488163,0.833,twonorm,2,5000,20,2
hgb_lr0.03_ln31_l21.0,gbdt,0.9942373809907814,0.995077107397395,0.793,twonorm,2,5000,20,2
hgb_lr0.03_ln63_l20.0,gbdt,0.9943525821704414,0.9953612681248464,1.216,twonorm,2,5000,20,2
hgb_lr0.03_ln63_l21.0,gbdt,0.9945855445559763,0.9948287867616941,0.925,twonorm,2,5000,20,2
hgb_lr0.1_ln15_l20.0,gbdt,0.9944882635598189,0.9952409478168264,0.509,twonorm,2,5000,20,2
hgb_lr0.1_ln15_l21.0,gbdt,0.995205070899926,0.9953996682231506,0.522,twonorm,2,5000,20,2
hgb_lr0.1_ln31_l20.0,gbdt,0.9942988216199334,0.9955404685835996,0.507,twonorm,2,5000,20,2
hgb_lr0.1_ln31_l21.0,gbdt,0.9953893927873821,0.9956556688785124,0.754,twonorm,2,5000,20,2
hgb_lr0.1_ln63_l20.0,gbdt,0.9945932246346203,0.9955967887277791,0.837,twonorm,2,5000,20,2
hgb_lr0.1_ln63_l21.0,gbdt,0.9950437892484019,0.9957222290489063,0.816,twonorm,2,5000,20,2
hgb_lr0.3_ln15_l20.0,gbdt,0.9941375399684093,0.9958425493569264,0.237,twonorm,2,5000,20,2
hgb_lr0.3_ln15_l21.0,gbdt,0.9950053888551817,0.9954559883673302,0.395,twonorm,2,5000,20,2
hgb_lr0.3_ln31_l20.0,gbdt,0.9940530591033252,0.9954457483411158,0.277,twonorm,2,5000,20,2
hgb_lr0.3_ln31_l21.0,gbdt,0.9955711546486236,0.9955788686819038,0.413,twonorm,2,5000,20,2
hgb_lr0.3_ln63_l20.0,gbdt,0.9943141817772214,0.9953151880068813,0.415,twonorm,2,5000,20,2
hgb_lr0.3_ln63_l21.0,gbdt,0.995151310349418,0.9951180675022528,0.442,twonorm,2,5000,20,2
knn1_std,knn,0.9495713236103539,0.9472049848447612,0.047,twonorm,2,5000,20,2
knn1_quant,knn,0.9511610998896628,0.9480037068894895,0.107,twonorm,2,5000,20,2
knn5_std,knn,0.9925119233220947,0.9920716597034489,0.048,twonorm,2,5000,20,2
knn5_quant,knn,0.9924415226011915,0.9921881400016386,0.12,twonorm,2,5000,20,2
knn15_std,knn,0.9962329214251153,0.9967833517653805,0.056,twonorm,2,5000,20,2
knn15_quant,knn,0.9961471605469239,0.9969587122143032,0.118,twonorm,2,5000,20,2
knn31_std,knn,0.9969522887914372,0.9979699148029818,0.073,twonorm,2,5000,20,2
knn31_quant,knn,0.9969497287652225,0.9979033546325878,0.129,twonorm,2,5000,20,2
svc_C0.1,svm,0.9970457297482727,0.997688314082084,0.531,twonorm,2,5000,20,2
svc_C1,svm,0.9964466836140402,0.9970815925288768,0.294,twonorm,2,5000,20,2
svc_C10,svm,0.9946905056307775,0.9958937494879988,0.318,twonorm,2,5000,20,2
"mlp_(64,)_a0.0001",mlp,0.9965311644791243,0.996840951912837,1.834,twonorm,2,5000,20,2
"mlp_(64,)_a0.01",mlp,0.9965593247674855,0.9969254321291063,2.009,twonorm,2,5000,20,2
"mlp_(128, 64)_a0.0001",mlp,0.996208601176076,0.9958732694355696,1.461,twonorm,2,5000,20,2
"mlp_(128, 64)_a0.01",mlp,0.9962956420673748,0.9959935897435899,1.512,twonorm,2,5000,20,2
gaussiannb,nb,0.9975961353844264,0.998443516015401,0.014,twonorm,2,5000,20,2
dt_d3,tree,0.8199136759160414,0.7853460104857868,0.027,twonorm,2,5000,20,2
dt_d6,tree,0.8461974650620422,0.8324117309740313,0.042,twonorm,2,5000,20,2
dt_dNone,tree,0.8456726596880351,0.827209797657082,0.061,twonorm,2,5000,20,2
logreg_C0.01_std,linear,0.8290694760467626,0.8465315039754704,0.022,vehicle,0,846,18,4
logreg_C0.01_quant,linear,0.8361567645891006,0.8510269998994873,0.058,vehicle,0,846,18,4
logreg_C0.1_std,linear,0.8973386336931755,0.9016545775294245,0.02,vehicle,0,846,18,4
logreg_C0.1_quant,linear,0.8893772547940143,0.886294734090791,0.051,vehicle,0,846,18,4
logreg_C1_std,linear,0.929342185795864,0.9268679126382042,0.029,vehicle,0,846,18,4
logreg_C1_quant,linear,0.912919294867802,0.8937547610378136,0.057,vehicle,0,846,18,4
logreg_C10_std,linear,0.9424023985266432,0.9369973885938248,0.04,vehicle,0,846,18,4
logreg_C10_quant,linear,0.9143431629424367,0.8927531942459296,0.068,vehicle,0,846,18,4
logreg_C100_std,linear,0.9454157007994655,0.9385848423340128,0.064,vehicle,0,846,18,4
logreg_C100_quant,linear,0.9116077792967104,0.892203472652445,0.095,vehicle,0,846,18,4
rf_dNone_fsqrt,rf,0.9202700234879653,0.9118418391304912,0.445,vehicle,0,846,18,4
rf_dNone_f0.3,rf,0.9226434268194823,0.9158718021171572,0.456,vehicle,0,846,18,4
rf_dNone_f0.7,rf,0.9239423610293778,0.9154892120997848,0.59,vehicle,0,846,18,4
rf_d4_fsqrt,rf,0.9147177363412142,0.9083157479821587,0.4,vehicle,0,846,18,4
rf_d4_f0.3,rf,0.913951996394627,0.909646065407631,0.427,vehicle,0,846,18,4
rf_d4_f0.7,rf,0.9180313460106893,0.9161324196062608,0.495,vehicle,0,846,18,4
rf_d8_fsqrt,rf,0.9206601683115169,0.9166061468234898,0.427,vehicle,0,846,18,4
rf_d8_f0.3,rf,0.9240717984712927,0.9186282190035303,0.448,vehicle,0,846,18,4
rf_d8_f0.7,rf,0.9222595073139167,0.9158105418702465,0.566,vehicle,0,846,18,4
rf_d16_fsqrt,rf,0.9202700234879653,0.9118853695898922,0.535,vehicle,0,846,18,4
rf_d16_f0.3,rf,0.9229688944468731,0.9161059187641687,0.492,vehicle,0,846,18,4
rf_d16_f0.7,rf,0.9236023324706553,0.9157245032088583,0.608,vehicle,0,846,18,4
et_dNone_fsqrt,et,0.9193610598144462,0.917897361575214,0.429,vehicle,0,846,18,4
et_dNone_f0.5,et,0.9198512851540133,0.9176364149319454,0.471,vehicle,0,846,18,4
et_d8_fsqrt,et,0.9163614358806292,0.9151348619735857,0.391,vehicle,0,846,18,4
et_d8_f0.5,et,0.9210657057364223,0.9216237329133198,0.409,vehicle,0,846,18,4
hgb_lr0.03_ln15_l20.0,gbdt,0.9113794538410753,0.912550277468431,0.488,vehicle,0,846,18,4
hgb_lr0.03_ln15_l21.0,gbdt,0.910563956506579,0.9117853349321257,0.469,vehicle,0,846,18,4
hgb_lr0.03_ln31_l20.0,gbdt,0.9084791946396608,0.9136752212601554,0.629,vehicle,0,846,18,4
hgb_lr0.03_ln31_l21.0,gbdt,0.9105341021956163,0.9118439534199061,0.504,vehicle,0,846,18,4
hgb_lr0.03_ln63_l20.0,gbdt,0.9084791946396608,0.9136752212601554,0.611,vehicle,0,846,18,4
hgb_lr0.03_ln63_l21.0,gbdt,0.9105341021956163,0.9118439534199061,0.465,vehicle,0,846,18,4
hgb_lr0.1_ln15_l20.0,gbdt,0.9120442815578813,0.9092229688320951,0.207,vehicle,0,846,18,4
hgb_lr0.1_ln15_l21.0,gbdt,0.9103684571230258,0.9104825543638956,0.256,vehicle,0,846,18,4
hgb_lr0.1_ln31_l20.0,gbdt,0.915531467243481,0.9097050840916037,0.235,vehicle,0,846,18,4
hgb_lr0.1_ln31_l21.0,gbdt,0.9103684571230258,0.9104825543638956,0.262,vehicle,0,846,18,4
hgb_lr0.1_ln63_l20.0,gbdt,0.915531467243481,0.9097050840916037,0.214,vehicle,0,846,18,4
hgb_lr0.1_ln63_l21.0,gbdt,0.9103684571230258,0.9104825543638956,0.257,vehicle,0,846,18,4
hgb_lr0.3_ln15_l20.0,gbdt,0.9102919335493661,0.9144312391519288,0.095,vehicle,0,846,18,4
hgb_lr0.3_ln15_l21.0,gbdt,0.9112902414527646,0.9090478900043257,0.094,vehicle,0,846,18,4
hgb_lr0.3_ln31_l20.0,gbdt,0.9130899603345581,0.9105148742453157,0.139,vehicle,0,846,18,4
hgb_lr0.3_ln31_l21.0,gbdt,0.912988846994701,0.9101873671680925,0.081,vehicle,0,846,18,4
hgb_lr0.3_ln63_l20.0,gbdt,0.9130899603345581,0.9105148742453157,0.135,vehicle,0,846,18,4
hgb_lr0.3_ln63_l21.0,gbdt,0.912988846994701,0.9101873671680925,0.089,vehicle,0,846,18,4
knn1_std,knn,0.801527910210327,0.7749564425520616,0.014,vehicle,0,846,18,4
knn1_quant,knn,0.7638719272628951,0.7936455101825739,0.046,vehicle,0,846,18,4
knn5_std,knn,0.8857379255942504,0.8746614319607946,0.014,vehicle,0,846,18,4
knn5_quant,knn,0.8619903916471501,0.8786855675737408,0.045,vehicle,0,846,18,4
knn15_std,knn,0.8928159170256222,0.8889246089254597,0.016,vehicle,0,846,18,4
knn15_quant,knn,0.8840692334884421,0.897692126357278,0.049,vehicle,0,846,18,4
knn31_std,knn,0.8691836617655129,0.8707083297870852,0.017,vehicle,0,846,18,4
knn31_quant,knn,0.8661771617816891,0.8828237620365882,0.048,vehicle,0,846,18,4
svc_C0.1,svm,0.8680444828278848,0.858949677704715,0.074,vehicle,0,846,18,4
svc_C1,svm,0.9147759575174219,0.920551132167093,0.056,vehicle,0,846,18,4
svc_C10,svm,0.9452726884720557,0.9438849938793088,0.056,vehicle,0,846,18,4
"mlp_(64,)_a0.0001",mlp,0.9401976641094798,0.9297767244117308,0.395,vehicle,0,846,18,4
"mlp_(64,)_a0.01",mlp,0.940524596633469,0.9297456286472893,0.411,vehicle,0,846,18,4
"mlp_(128, 64)_a0.0001",mlp,0.9577148315803918,0.9530620969582904,0.906,vehicle,0,846,18,4
"mlp_(128, 64)_a0.01",mlp,0.9567609130815001,0.9513538396812344,0.939,vehicle,0,846,18,4
gaussiannb,nb,0.7572045509393895,0.781450969061465,0.013,vehicle,0,846,18,4
dt_d3,tree,0.8523000332216222,0.8281624391656703,0.015,vehicle,0,846,18,4
dt_d6,tree,0.851656079123003,0.8548663805466743,0.014,vehicle,0,846,18,4
dt_dNone,tree,0.8112267703772583,0.7711382634249564,0.014,vehicle,0,846,18,4
logreg_C0.01_std,linear,0.8354299833155802,0.8519459359773915,0.029,vehicle,1,846,18,4
logreg_C0.01_quant,linear,0.8329258621346833,0.8529538851754995,0.049,vehicle,1,846,18,4
logreg_C0.1_std,linear,0.9007869279733681,0.9130295996590906,0.031,vehicle,1,846,18,4
logreg_C0.1_quant,linear,0.889779992962848,0.8931723539702181,0.05,vehicle,1,846,18,4
logreg_C1_std,linear,0.9313081922942805,0.9381726385703266,0.03,vehicle,1,846,18,4
logreg_C1_quant,linear,0.9098329383538515,0.9110635944781242,0.077,vehicle,1,846,18,4
logreg_C10_std,linear,0.9421385808626209,0.945015730698052,0.038,vehicle,1,846,18,4
logreg_C10_quant,linear,0.9100473544203127,0.9198991501340704,0.073,vehicle,1,846,18,4
logreg_C100_std,linear,0.9415192401501696,0.940985185868427,0.07,vehicle,1,846,18,4
logreg_C100_quant,linear,0.9093011570359799,0.9204607209634909,0.111,vehicle,1,846,18,4
rf_dNone_fsqrt,rf,0.9107370562948282,0.926298305271103,0.451,vehicle,1,846,18,4
rf_dNone_f0.3,rf,0.9082408668107359,0.9223754831823125,0.469,vehicle,1,846,18,4
rf_dNone_f0.7,rf,0.9063607474107236,0.9239809969206265,0.604,vehicle,1,846,18,4
rf_d4_fsqrt,rf,0.8970277872368769,0.9073246838508198,0.408,vehicle,1,846,18,4
rf_d4_f0.3,rf,0.8987329968413355,0.9078250319268005,0.425,vehicle,1,846,18,4
rf_d4_f0.7,rf,0.9021851640092755,0.9154802654809867,0.503,vehicle,1,846,18,4
rf_d8_fsqrt,rf,0.9083409969594847,0.92383272414239,0.445,vehicle,1,846,18,4
rf_d8_f0.3,rf,0.9106853077008987,0.9215034648043916,0.457,vehicle,1,846,18,4
rf_d8_f0.7,rf,0.9046056430554287,0.9232986695565132,0.585,vehicle,1,846,18,4
rf_d16_fsqrt,rf,0.9106788125695015,0.9259315559709577,0.457,vehicle,1,846,18,4
rf_d16_f0.3,rf,0.9079999953678681,0.9225220294017638,0.477,vehicle,1,846,18,4
rf_d16_f0.7,rf,0.9063454540310928,0.9241148536907389,0.591,vehicle,1,846,18,4
et_dNone_fsqrt,et,0.909330844551352,0.9164278309647456,0.365,vehicle,1,846,18,4
et_dNone_f0.5,et,0.9128582023105372,0.9251007957588635,0.393,vehicle,1,846,18,4
et_d8_fsqrt,et,0.9035477889775492,0.9086707611139376,0.331,vehicle,1,846,18,4
et_d8_f0.5,et,0.9094864688895771,0.919231377646971,0.351,vehicle,1,846,18,4
hgb_lr0.03_ln15_l20.0,gbdt,0.8964760981177146,0.9224280166062133,0.48,vehicle,1,846,18,4
hgb_lr0.03_ln15_l21.0,gbdt,0.8955092013838578,0.9179793011110858,0.576,vehicle,1,846,18,4
hgb_lr0.03_ln31_l20.0,gbdt,0.8971676111010064,0.9210783621708222,0.459,vehicle,1,846,18,4
hgb_lr0.03_ln31_l21.0,gbdt,0.8975550264881669,0.919625826125944,0.577,vehicle,1,846,18,4
hgb_lr0.03_ln63_l20.0,gbdt,0.8971676111010064,0.9210783621708222,0.492,vehicle,1,846,18,4
hgb_lr0.03_ln63_l21.0,gbdt,0.8975550264881669,0.919625826125944,0.584,vehicle,1,846,18,4
hgb_lr0.1_ln15_l20.0,gbdt,0.8969345212546598,0.9216507643929744,0.209,vehicle,1,846,18,4
hgb_lr0.1_ln15_l21.0,gbdt,0.8993926493087275,0.9241630458902179,0.23,vehicle,1,846,18,4
hgb_lr0.1_ln31_l20.0,gbdt,0.8969652109311315,0.9202778748835674,0.194,vehicle,1,846,18,4
hgb_lr0.1_ln31_l21.0,gbdt,0.8993926493087275,0.9241630458902179,0.211,vehicle,1,846,18,4
hgb_lr0.1_ln63_l20.0,gbdt,0.8969652109311315,0.9202778748835674,0.175,vehicle,1,846,18,4
hgb_lr0.1_ln63_l21.0,gbdt,0.8993926493087275,0.9241630458902179,0.21,vehicle,1,846,18,4
hgb_lr0.3_ln15_l20.0,gbdt,0.8923583671329266,0.9172578450609152,0.102,vehicle,1,846,18,4
hgb_lr0.3_ln15_l21.0,gbdt,0.8920921807790482,0.9200023999627506,0.168,vehicle,1,846,18,4
hgb_lr0.3_ln31_l20.0,gbdt,0.8960857456338717,0.9227001803072582,0.121,vehicle,1,846,18,4
hgb_lr0.3_ln31_l21.0,gbdt,0.8938191637075187,0.9225901396559755,0.105,vehicle,1,846,18,4
hgb_lr0.3_ln63_l20.0,gbdt,0.8960857456338717,0.9227001803072582,0.143,vehicle,1,846,18,4
hgb_lr0.3_ln63_l21.0,gbdt,0.8938191637075187,0.9225901396559755,0.112,vehicle,1,846,18,4
knn1_std,knn,0.7740630318560422,0.7909995652962905,0.017,vehicle,1,846,18,4
knn1_quant,knn,0.7802700179254874,0.7742735863576653,0.045,vehicle,1,846,18,4
knn5_std,knn,0.864289834567236,0.871425653699367,0.015,vehicle,1,846,18,4
knn5_quant,knn,0.8753778749112359,0.8563527757280746,0.048,vehicle,1,846,18,4
knn15_std,knn,0.880248538604403,0.882414748250729,0.016,vehicle,1,846,18,4
knn15_quant,knn,0.8775566549887988,0.8731219314679507,0.054,vehicle,1,846,18,4
knn31_std,knn,0.8648975045375513,0.8677767026209323,0.018,vehicle,1,846,18,4
knn31_quant,knn,0.8645103738901048,0.861034441978266,0.051,vehicle,1,846,18,4
svc_C0.1,svm,0.8524530905560271,0.8710310235525499,0.083,vehicle,1,846,18,4
svc_C1,svm,0.9072209835779587,0.9180160568331677,0.058,vehicle,1,846,18,4
svc_C10,svm,0.9317129351615108,0.951406413745376,0.053,vehicle,1,846,18,4
"mlp_(64,)_a0.0001",mlp,0.9281638074255989,0.9369446559631012,0.444,vehicle,1,846,18,4
"mlp_(64,)_a0.01",mlp,0.9283440319638225,0.9369734028034187,0.43,vehicle,1,846,18,4
"mlp_(128, 64)_a0.0001",mlp,0.9450693296155448,0.9539396589143341,0.997,vehicle,1,846,18,4
"mlp_(128, 64)_a0.01",mlp,0.9443876472117714,0.9558168797397492,0.981,vehicle,1,846,18,4
gaussiannb,nb,0.7569402621331607,0.7714132893910992,0.014,vehicle,1,846,18,4
dt_d3,tree,0.8305353809513105,0.8394048039184108,0.013,vehicle,1,846,18,4
dt_d6,tree,0.8019599085618683,0.8293583766723974,0.014,vehicle,1,846,18,4
dt_dNone,tree,0.7602574279388641,0.7861240898523737,0.014,vehicle,1,846,18,4
logreg_C0.01_std,linear,0.8171249816808749,0.849592364172922,0.019,vehicle,2,846,18,4
logreg_C0.01_quant,linear,0.8334338768228146,0.8586029723649452,0.05,vehicle,2,846,18,4
logreg_C0.1_std,linear,0.8972842190924226,0.9178598813826234,0.02,vehicle,2,846,18,4
logreg_C0.1_quant,linear,0.8876838691360444,0.9043677706648495,0.053,vehicle,2,846,18,4
logreg_C1_std,linear,0.9272415614329622,0.9510104914858831,0.033,vehicle,2,846,18,4
logreg_C1_quant,linear,0.9015000459522945,0.9188640516456775,0.064,vehicle,2,846,18,4
logreg_C10_std,linear,0.9419628382518292,0.9620739596901553,0.047,vehicle,2,846,18,4
logreg_C10_quant,linear,0.9073648206656,0.9238432563396871,0.075,vehicle,2,846,18,4
logreg_C100_std,linear,0.944086683185542,0.9631839960190826,0.064,vehicle,2,846,18,4
logreg_C100_quant,linear,0.9082247935696393,0.9228747252117563,0.085,vehicle,2,846,18,4
rf_dNone_fsqrt,rf,0.9164930032536771,0.923068385001332,0.473,vehicle,2,846,18,4
rf_dNone_f0.3,rf,0.9150716431451849,0.9260712609867944,0.488,vehicle,2,846,18,4
rf_dNone_f0.7,rf,0.9154472840173682,0.9237222087052173,0.645,vehicle,2,846,18,4
rf_d4_fsqrt,rf,0.8976281732127039,0.9124624744259359,0.422,vehicle,2,846,18,4
rf_d4_f0.3,rf,0.9012350514769231,0.9133614072957603,0.435,vehicle,2,846,18,4
rf_d4_f0.7,rf,0.9037144241834092,0.9148929502548312,0.479,vehicle,2,846,18,4
rf_d8_fsqrt,rf,0.9141760119904384,0.9237969212793025,0.447,vehicle,2,846,18,4
rf_d8_f0.3,rf,0.9161252286653808,0.9259857150475195,0.467,vehicle,2,846,18,4
rf_d8_f0.7,rf,0.9157436932685307,0.9218020106914366,0.571,vehicle,2,846,18,4
rf_d16_fsqrt,rf,0.915807664622323,0.9224383123600163,0.461,vehicle,2,846,18,4
rf_d16_f0.3,rf,0.91496378285852,0.9256755597468692,0.473,vehicle,2,846,18,4
rf_d16_f0.7,rf,0.9153392406186285,0.9236808220704776,0.623,vehicle,2,846,18,4
et_dNone_fsqrt,et,0.918445944815792,0.9289331962404184,0.369,vehicle,2,846,18,4
et_dNone_f0.5,et,0.9257756919461215,0.929749495883966,0.412,vehicle,2,846,18,4
et_d8_fsqrt,et,0.9152318875707832,0.9212478567802276,0.322,vehicle,2,846,18,4
et_d8_f0.5,et,0.9229815050368858,0.9232967204066033,0.367,vehicle,2,846,18,4
hgb_lr0.03_ln15_l20.0,gbdt,0.9053315544739788,0.907744367734381,0.4,vehicle,2,846,18,4
hgb_lr0.03_ln15_l21.0,gbdt,0.9045993765245399,0.9111137028377236,0.4,vehicle,2,846,18,4
hgb_lr0.03_ln31_l20.0,gbdt,0.9035587099409175,0.9102745635048978,0.463,vehicle,2,846,18,4
hgb_lr0.03_ln31_l21.0,gbdt,0.9056955628747123,0.9115015117863914,0.404,vehicle,2,846,18,4
hgb_lr0.03_ln63_l20.0,gbdt,0.9035587099409175,0.9102745635048978,0.47,vehicle,2,846,18,4
hgb_lr0.03_ln63_l21.0,gbdt,0.9056955628747123,0.9115015117863914,0.408,vehicle,2,846,18,4
hgb_lr0.1_ln15_l20.0,gbdt,0.9023818613307442,0.9115332795710882,0.213,vehicle,2,846,18,4
hgb_lr0.1_ln15_l21.0,gbdt,0.9068596631400002,0.9163460233239398,0.228,vehicle,2,846,18,4
hgb_lr0.1_ln31_l20.0,gbdt,0.9039348000868437,0.9139336798273708,0.187,vehicle,2,846,18,4
hgb_lr0.1_ln31_l21.0,gbdt,0.9052394316237874,0.9125365658548059,0.165,vehicle,2,846,18,4
hgb_lr0.1_ln63_l20.0,gbdt,0.9039348000868437,0.9139336798273708,0.193,vehicle,2,846,18,4
hgb_lr0.1_ln63_l21.0,gbdt,0.9052394316237874,0.9125365658548059,0.151,vehicle,2,846,18,4
hgb_lr0.3_ln15_l20.0,gbdt,0.8985532498205582,0.9118237316361617,0.104,vehicle,2,846,18,4
hgb_lr0.3_ln15_l21.0,gbdt,0.9076783535746331,0.913904062347131,0.135,vehicle,2,846,18,4
hgb_lr0.3_ln31_l20.0,gbdt,0.9020141979920011,0.9173783814709693,0.095,vehicle,2,846,18,4
hgb_lr0.3_ln31_l21.0,gbdt,0.9060153924297027,0.9133325372446962,0.122,vehicle,2,846,18,4
hgb_lr0.3_ln63_l20.0,gbdt,0.9020141979920011,0.9173783814709693,0.093,vehicle,2,846,18,4
hgb_lr0.3_ln63_l21.0,gbdt,0.9060153924297027,0.9133325372446962,0.122,vehicle,2,846,18,4
knn1_std,knn,0.7736935864947337,0.7923095270087679,0.014,vehicle,2,846,18,4
knn1_quant,knn,0.7673289918958194,0.8316078563087625,0.046,vehicle,2,846,18,4
knn5_std,knn,0.8832733181321022,0.8939950066462649,0.014,vehicle,2,846,18,4
knn5_quant,knn,0.8839631549942493,0.897067723621706,0.046,vehicle,2,846,18,4
knn15_std,knn,0.8917830527468953,0.8923104938341215,0.015,vehicle,2,846,18,4
knn15_quant,knn,0.877833810244139,0.9005750453055026,0.048,vehicle,2,846,18,4
knn31_std,knn,0.8626849899009256,0.8753058802493763,0.017,vehicle,2,846,18,4
knn31_quant,knn,0.8648701874084248,0.885533975801303,0.052,vehicle,2,846,18,4
svc_C0.1,svm,0.8337658141488843,0.8593760725825867,0.072,vehicle,2,846,18,4
svc_C1,svm,0.9214440554241102,0.9259587147925297,0.06,vehicle,2,846,18,4
svc_C10,svm,0.9448723847541971,0.9497683234919332,0.055,vehicle,2,846,18,4
"mlp_(64,)_a0.0001",mlp,0.9323111777007052,0.9481577168968013,0.478,vehicle,2,846,18,4
"mlp_(64,)_a0.01",mlp,0.9321668728942569,0.948612726111691,0.475,vehicle,2,846,18,4
"mlp_(128, 64)_a0.0001",mlp,0.9352173966516054,0.9559612783074848,0.964,vehicle,2,846,18,4
"mlp_(128, 64)_a0.01",mlp,0.9342123243834426,0.956335403910334,1.021,vehicle,2,846,18,4
gaussiannb,nb,0.7201285109481842,0.774462415958721,0.019,vehicle,2,846,18,4
dt_d3,tree,0.8292515731793506,0.8490898159549685,0.014,vehicle,2,846,18,4
dt_d6,tree,0.8080450841756375,0.8330678006369997,0.014,vehicle,2,846,18,4
dt_dNone,tree,0.7704400134426415,0.789531613860232,0.016,vehicle,2,846,18,4
